Fecha;PM10;CO;OZONO;NO;NO2;NOX;SO2;Vel Viento;Dir Viento;Temperatura;Precipitacion;PM2.5;HR;BBP;Presion Baro;BC ug/m3
1/03/2024 1:00;33,8;0,2;26,8;0,4;14,5;15;1,2;1,2;263;15,4;0;29,7;77;7,1;565;2,7
1/03/2024 2:00;0;0,3;16,3;0,7;23,5;24,2;1,3;1,1;257;15,3;0;41,8;74;13,3;565;4
1/03/2024 3:00;48,7;0,2;19,4;0,5;19,3;19,8;1,5;1,3;187;15,4;0;39,1;64;20,1;564;2,9
1/03/2024 4:00;47;0,2;20,2;0,6;19,2;19,9;1,5;1,6;182;15,2;0;40,9;62;10,7;564;3,6
1/03/2024 5:00;47,2;0,2;15,1;0,7;24,7;25,4;1,5;1;174;14,5;0;38,8;62;7,2;564;3,9
1/03/2024 6:00;48,9;0,4;2,1;15,1;37,9;53;1,4;0,9;1;13,5;0;36,7;73;11,8;564;6,5
1/03/2024 7:00;54,6;0,7;2,6;29,9;41,6;71,4;1,9;0,8;39;13,4;0;48,9;74;10,9;565;9,7
1/03/2024 8:00;61,7;0,9;13,7;21,2;36,7;57,9;2,7;1,5;197;16;0;46,8;51;5,6;565;6,9
1/03/2024 9:00;60,2;0,7;21,1;22,6;38;60,5;2,9;1,3;345;17,6;0;43,1;49;8,2;566;7,3
1/03/2024 10:00;61,5;0,7;33,3;17,6;38;55,7;2,3;1,2;50;19,7;0;45,2;42;6,8;566;7,5
1/03/2024 11:00;61,4;0,5;56;6,7;26,2;32,9;1,6;0,4;132;21,7;0;47,4;32;7,1;566;4,5
1/03/2024 12:00;50,6;0,4;70,7;5,1;27,8;33;1,7;2,2;297;22,3;0;38;31;9,5;565;5,1
1/03/2024 13:00;61,3;0,2;69,9;2,4;15,7;18;1,8;6,5;262;21,1;0;38,7;43;8,9;565;4,4
1/03/2024 14:00;72,8;0,1;60,4;2,4;10,7;13;1,6;7,4;246;20,6;0;49,1;48;8,9;564;2,9
1/03/2024 15:00;53,3;0,1;59,5;2,3;11,2;13,6;1,4;5,6;271;20,9;0;33,7;49;7,4;564;3,2
1/03/2024 16:00;61,5;0,1;54,1;3,2;13,2;16,3;1,6;6,5;269;19,6;0;45,6;56;10;564;3,7
1/03/2024 17:00;68,8;0,2;44,4;1,8;14,9;16,6;1,4;5,5;262;17,3;0;39,3;69;13;564;4,4
1/03/2024 18:00;65,5;0,3;38,2;1,5;16;17,5;1,3;3,1;254;16,7;0;43,6;72;14,7;564;3,7
1/03/2024 19:00;54;0,4;30,8;1,2;19,2;20,4;1,2;2,9;242;16,5;0;37,4;72;8,6;565;4,1
1/03/2024 20:00;60;0,4;26,1;0,9;22,6;23,6;1,1;3;257;15,9;0;44,8;76;8,4;565;4,1
1/03/2024 21:00;62,5;0,3;24,1;1,4;20,7;22,1;1;2,9;277;15,5;0;42;78;10,4;565;3,9
1/03/2024 22:00;51,5;0,3;19,4;2,2;22,3;24,5;1,1;2,4;253;15,4;0;42,4;75;9,8;566;5,6
1/03/2024 23:00;58,5;0,2;25,6;1,2;16,4;17,6;1,1;2,8;272;15,3;0;48,2;72;1,2;566;4,5
2/03/2024 0:00;52,7;0,2;28,2;0,9;12,8;13,8;1;2,5;275;15,2;0;34,9;73;7,2;566;2,7
2/03/2024 1:00;36,5;0,2;26,3;0,4;11,7;12,1;0,9;0,9;303;14,7;0;33,9;74;9,6;565;2,1
2/03/2024 2:00;35;0,1;21;1,2;15,1;16,3;0,9;2,1;2;14;0;33;78;16;565;2,3
2/03/2024 3:00;40,3;0,6;16,3;0,5;18,2;18,7;1;1,4;340;13,7;0;33,1;79;23,5;565;2,7
2/03/2024 4:00;44,8;0,6;8,8;0,8;26,4;27,2;1;1,7;350;13,3;0;35,6;79;23,6;565;3,4
2/03/2024 5:00;59,2;0,3;5,5;4,8;34,4;39,2;1,9;2,4;30;13,4;0;45,3;76;11,9;565;4,3
2/03/2024 6:00;60,8;0,4;2,5;15,6;39,2;54,9;2,4;2,3;19;13,3;0;50,3;75;8,7;565;6,4
2/03/2024 7:00;66,3;0,6;2,7;29,5;40,9;70,4;3,5;2,1;39;13;0;55,2;75;10,4;566;8,1
2/03/2024 8:00;72,2;0,6;9;28,7;36,5;65,2;10,4;2,5;31;14,5;0;57,8;70;3,9;566;7,3
2/03/2024 9:00;67,7;0,6;21,6;18,9;31,7;50,6;6,9;1,8;47;17,5;0;54,1;57;5,2;566;6,1
2/03/2024 10:00;64,2;0,4;41,4;7,8;23,5;31,3;3,6;1,9;32;19,2;0;55,8;48;11,8;566;4,1
2/03/2024 11:00;52,6;0,2;55,5;3,4;13,1;16,5;2,3;2,1;19;20,9;0;52,2;38;11,9;566;2,6
2/03/2024 12:00;41;0,1;64,5;1,9;10,5;12,4;2,2;1,8;355;22;0;37,2;34;9,6;565;2,3
2/03/2024 13:00;47,2;0,2;64;2;12,6;14,6;2,7;5,6;256;21,2;0;41,9;46;5,2;565;3,9
2/03/2024 14:00;75,8;0,2;56,6;2,8;11;13,8;2,3;6,3;272;20,9;0;56,2;48;9,5;564;3
2/03/2024 15:00;63,5;0,2;55,2;2,4;10,3;12,7;2,2;6,1;275;20,8;0;42;49;13;564;2,7
2/03/2024 16:00;56,2;0,2;52,1;2,2;10,6;12,9;2,3;5,9;276;20,1;0;42,1;53;12,7;564;2,7
2/03/2024 17:00;55,5;0,2;50,3;1,9;10,6;12,5;2,1;5,5;272;19,8;0;42,7;55;12,3;564;2,6
2/03/2024 18:00;46,8;0,2;45,5;1,4;11;12,4;2,4;4,8;257;18,2;0;37,9;63;11,4;564;2,3
2/03/2024 19:00;42,3;0,4;36,8;1,4;15,4;16,8;1,9;3,5;246;16,8;0;36,1;70;9,7;564;2,7
2/03/2024 20:00;48,8;0,4;38,9;1;13;14;1,5;3,7;248;16,2;0;37,2;75;13,3;565;2,6
2/03/2024 21:00;48,5;0,3;36,9;0,6;13,9;14,5;1,3;2,3;255;15,9;0;40,2;77;15,3;565;2,8
2/03/2024 22:00;52,2;0,2;32,3;0,4;14,5;14,9;1,2;2,5;304;15,6;0;44,2;77;20,2;565;3
2/03/2024 23:00;53,8;0,2;25,4;0,6;13,1;13,8;1;2,7;326;14,5;0;45,6;78;31,6;566;1,6
3/03/2024 0:00;30,9;0,1;26;0,6;8,9;9,5;0,9;2,7;304;13,2;0;20,3;83;36,7;566;1,2
3/03/2024 1:00;0;0,1;25,5;0,6;7,4;8;0,9;1,2;345;13;0;25,7;84;27,4;565;1,1
3/03/2024 2:00;0;0,1;25;0,3;8,2;8,5;0,9;0,6;349;13,1;0;20,1;84;22,6;565;1,4
3/03/2024 3:00;0;0,1;21,7;0,4;11,9;12,3;0,9;0,3;300;13,5;0;21,8;84;23,7;564;1,3
3/03/2024 4:00;0;0,1;19,9;0,3;11,7;12,1;0,9;0,7;298;13,4;0;18,2;84;15,7;564;1,5
3/03/2024 5:00;0;0,1;19,6;0,5;10,6;11,2;0,9;0,2;359;13,4;0;21,6;83;20,7;565;1,3
3/03/2024 6:00;21;0,2;12,6;0,8;16,5;17,3;0,9;0,1;327;13,4;0;15,4;84;19;565;1,9
3/03/2024 7:00;27,8;0,4;5,6;6,8;29;35,8;1,2;1;47;13,7;0;22,8;84;18,7;565;3,4
3/03/2024 8:00;38;0,4;15,9;11,8;24,5;36,3;3,3;2,6;39;15,2;0;38;77;21,9;565;3,2
3/03/2024 9:00;40,8;0,3;26,3;6,1;15,4;21,4;2,9;2,1;30;16,6;0;37,8;67;20;566;2,5
3/03/2024 10:00;34,7;0,3;36,1;4,9;14,6;19,5;2,4;0,7;122;19,7;0;34,7;52;12,8;566;2,3
3/03/2024 11:00;32,2;0,3;54,2;3,7;14,3;18;2;0,5;231;21,4;0;30,1;44;9,9;565;2,5
3/03/2024 12:00;39,5;0,2;62,2;1,9;11,7;13,6;2,1;4,8;265;20,5;0;32,2;52;10,2;565;2,5
3/03/2024 13:00;46;0,1;51,3;1,9;7,1;9;1,9;7,5;247;20;0;35,9;57;15,9;564;1,6
3/03/2024 14:00;40;0,1;46,5;1,9;5,9;7,8;1,4;7,7;257;20;0;33,8;55;22,3;564;1,3
3/03/2024 15:00;34,8;0,1;45,8;1,6;5,9;7,5;1,4;6,7;261;20,4;0;30,4;54;26,5;564;1,3
3/03/2024 16:00;36,6;0,1;45;1,8;5,9;7,7;1,3;6,7;250;20,5;0;36,6;55;27,8;563;1,2
3/03/2024 17:00;31,8;0,2;43,7;1,8;6,8;8,6;1,4;6,1;255;19;0;28,9;62;28,9;563;1,4
3/03/2024 18:00;36;0,2;42,2;1,2;7,1;8,4;1,2;5,3;249;17,9;0;28,2;66;27,6;564;1,5
3/03/2024 19:00;36,2;0,2;37,1;0,6;9,5;10,1;1,1;3,8;254;16,9;0;31,9;69;17,7;564;1,6
3/03/2024 20:00;37,5;0,2;31,7;1,2;13,5;14,7;1,1;3,3;281;16;0;31,3;72;13,9;565;2
3/03/2024 21:00;39,5;0,2;29,4;0,6;12,9;13,5;1;1,6;289;15,7;0;36,1;74;13,2;565;2,3
3/03/2024 22:00;38,7;0,3;27,6;0,7;17,2;17,9;1,1;1,3;6;15,7;0;37,4;75;20,6;565;3,7
3/03/2024 23:00;44,5;0,3;19,6;0,8;26,1;26,9;1,1;2,1;38;15,8;0;44;72;23,2;566;2,1
4/03/2024 0:00;31,1;0,3;12,7;1,4;32,5;34;1,2;2,2;7;15,4;0;27,7;73;26,7;565;2,2
4/03/2024 1:00;28,7;0,3;12,8;0,8;24,3;25,1;1,3;1,9;358;14,9;0;23,4;75;18,9;565;2,7
4/03/2024 2:00;37,2;0,3;9,4;0,8;25,1;25,9;2,1;1,9;8;14,6;0;31,2;78;5,5;564;2,7
4/03/2024 3:00;37,5;0,3;9,3;0,7;21,3;21,9;2,1;2;2;14,3;0;34,1;80;8,1;564;2,5
4/03/2024 4:00;34,1;0,1;21,8;0,4;13,5;13,9;1,7;2,2;9;14,2;0;34,1;81;15,4;564;1,4
4/03/2024 5:00;25,3;0,2;11,9;1,5;19,7;21,2;1,8;1,6;26;14,4;0;19,7;80;13,4;564;2,3
4/03/2024 6:00;36,6;0,5;1,8;6;31,6;37,6;2,3;1,1;331;14,4;0;33,6;80;10,2;565;4,5
4/03/2024 7:00;60,7;0,8;1,8;15;34,6;49,6;4,3;0,1;271;14,5;0;43,1;80;13,3;565;5,4
4/03/2024 8:00;72;0,9;2,9;42,2;41;83,2;7;1,2;7;15,1;0;44,6;78;5,5;565;10,6
4/03/2024 9:00;83;0;0;0;0;0;0;0,9;359;16,2;0;0;71;8,7;565;8,3
4/03/2024 10:00;62,3;0;0;0;0;0;0;1,6;179;18,2;0;0;61;4,6;566;7,9
4/03/2024 11:00;55;0;0;0;0;0;0;2,9;125;20,5;0;28,7;47;13,7;565;2,6
4/03/2024 12:00;35;0;0;0;0;0;0;2;224;21,5;0;24,2;46;15,1;565;3,2
4/03/2024 13:00;37,7;0,6;47,3;4,8;12,5;17,3;3,1;6,6;254;20,4;0;27,4;56;8,9;564;3,4
4/03/2024 14:00;48,8;0,5;43,1;4,3;9,3;13,6;2,2;7,8;253;20,3;0;34,2;57;13,6;564;2,6
4/03/2024 15:00;37,5;0,6;43,6;3,5;8,2;11,7;1,8;8,1;253;19,9;0;19,3;59;11,1;563;2,4
4/03/2024 16:00;34,3;0,6;40;3,8;8,7;12,5;1,7;7,2;252;19,9;0;25,2;58;11,1;563;2,6
4/03/2024 17:00;30,7;0,3;39,2;3,1;9;12,1;1,7;6,7;245;19,5;0;27,9;60;11,4;563;2,2
4/03/2024 18:00;27,7;0,2;37,3;2,2;9,7;12;1,8;5,3;261;18;0;26,8;66;14,5;563;2
4/03/2024 19:00;24,7;0,4;29,9;1,8;14,3;16,1;1,4;3,5;255;16,6;0;24,2;71;15,4;564;2,8
4/03/2024 20:00;41;0,4;25,6;1,9;15,7;17,7;1,3;3,2;250;15,7;0;28,3;74;19,1;564;2,7
4/03/2024 21:00;32,8;0,4;22,3;1,9;17,1;18,9;1,2;1,4;263;15,4;0;32,8;73;17,7;565;2,3
4/03/2024 22:00;39,6;0,5;10,6;2,8;28,5;31,3;1,2;1,5;325;15,2;0;29,6;75;9,4;565;4,5
4/03/2024 23:00;59,1;0,3;21,6;1,6;17;18,5;1,1;1,3;263;14,9;0;39,6;77;5,8;565;4
5/03/2024 0:00;42,7;0,2;25,6;0,6;8,9;9,5;1;1,8;237;14,7;0;31,8;79;3;565;2,7
5/03/2024 1:00;31,3;0,1;24,9;1;8,2;9,2;0,8;1,5;269;14,3;0;29,1;82;12,6;565;2,1
5/03/2024 2:00;29,8;0,2;22,1;1;12;13;0,8;1;268;14,3;0;29,8;81;18,2;564;1,9
5/03/2024 3:00;34,3;0,2;12,4;1,2;19,3;20,6;1;0,8;348;14;0;27,3;80;17,2;564;3,4
5/03/2024 4:00;35,7;0,2;10,4;2,2;23,4;25,6;1;0,7;309;14,1;0;33,1;81;9,2;564;3,8
5/03/2024 5:00;38;0,4;2,7;10,3;28,9;39,2;1,2;1,1;282;13,9;0;34,6;81;7,9;564;5,8
5/03/2024 6:00;59,3;0,5;2,1;10,6;33,7;44,3;1,3;0,7;350;14,3;0;45,2;80;11,9;564;6,7
5/03/2024 7:00;66,2;0,9;1,5;48,7;43,2;91,9;2,1;1,1;22;14,7;0;48,3;77;7,7;564;10,7
5/03/2024 8:00;67,3;0,8;5,9;39,4;37,8;77,1;2,7;0,6;11;15,7;0;52,8;74;9;565;9,8
5/03/2024 9:00;70,3;0,9;14,9;26,1;39,1;65,1;2,7;1,7;215;17,6;0;49,5;62;4,5;565;9,8
5/03/2024 10:00;72,3;0,5;29,2;7,6;24,2;31,8;2;3,2;181;18,5;0;57,5;53;11,9;565;4,5
5/03/2024 11:00;47;0,3;44,9;4,4;14,5;18,8;1,5;2,8;160;20,4;0;31,9;44;17;565;2,6
5/03/2024 12:00;37,3;0,3;50,1;3,2;13,7;16,9;1,5;2;136;21,7;0;30,9;39;17,1;564;2,5
5/03/2024 13:00;39;0,4;49;3,5;14;17,5;1,8;3,6;227;21,3;0;30,4;45;10;564;3,2
5/03/2024 14:00;39,7;0,4;46,9;2,9;11,2;14,2;1,7;6,1;261;20,3;0;36,8;57;6,2;563;4,1
5/03/2024 15:00;41,3;0,5;46,3;2,9;8,8;11,7;1,6;5,9;243;20,6;0;32,9;55;9,8;563;2,9
5/03/2024 16:00;34,5;0,6;41,4;2,8;11,8;14,6;1,6;5,3;258;19,2;0;30,8;61;14,3;563;2,9
5/03/2024 17:00;42,5;0,4;40,3;2,7;10,2;12,9;1,4;6,1;249;19,2;0;28,1;60;15,5;563;2,6
5/03/2024 18:00;42,8;0,7;32,5;2,5;11,2;13,7;1,3;6;248;17,4;0;29,9;65;17,9;563;2,6
5/03/2024 19:00;31,2;0,4;23,3;2,6;15,6;18,2;1,2;3,8;251;17;0;28,1;59;9,5;563;3,3
5/03/2024 20:00;27,5;0,5;19,4;3,2;20,3;23,5;1,2;3,2;247;16,8;0;13,7;59;9,2;564;3,3
5/03/2024 21:00;35,1;0,8;6,5;6,7;40,2;47;1,1;2,6;189;17,1;0;27,8;60;10,8;564;6,4
5/03/2024 22:00;60,8;0,8;4,3;7,1;43,1;50,3;1,2;0,9;198;16,4;0;43,2;61;12,9;564;6,6
5/03/2024 23:00;64;0,5;2,8;9,3;42;51,4;1,2;1,8;12;15,5;0;46,7;68;12,5;565;5,5
6/03/2024 0:00;58,2;0,5;4,4;2,8;35,9;38,8;1;0,8;53;14,9;0;42,2;72;14,5;565;5
6/03/2024 1:00;55;0,5;2,8;10,5;37,6;48,2;1,5;1,7;204;14,8;0;45,1;66;14,2;564;5,9
6/03/2024 2:00;58,5;0,3;11,2;2,4;26,6;29;1,3;2,2;189;14,5;0;46,6;65;6;564;4,4
6/03/2024 3:00;50;0,2;13,8;1,5;22,2;23,7;1,3;0,8;90;14,4;0;38,7;66;7,5;564;3,5
6/03/2024 4:00;45,3;0,2;5,2;4,1;29,9;34;1,4;2,6;45;13,5;0;34,7;76;12,2;563;3,9
6/03/2024 5:00;48,2;0,3;2,9;5,9;31,3;37,2;1,3;0,7;58;12,8;0;46,8;78;17,7;564;4,3
6/03/2024 6:00;55,7;0,8;0,8;51,8;39,1;91,1;2,1;0,3;45;12,5;0;44,7;80;9,4;564;11,4
6/03/2024 7:00;66,4;1;1,8;59,3;38,6;97,8;2,5;1,3;37;12,6;0;57;79;7,3;564;14,5
6/03/2024 8:00;78,7;1;5,9;51,7;40,6;92,3;5;2,3;36;14,4;0;57,1;71;5,1;565;10,6
6/03/2024 9:00;78,8;0,7;20,5;23,3;33,7;57;4,2;2,5;41;17,3;0;57,2;56;10;565;7,2
6/03/2024 10:00;62,2;0,6;36,4;12,6;32,1;44,8;2,7;1,7;61;20,2;0;43;42;7,4;565;6
6/03/2024 11:00;55,8;0,4;46,3;7,1;22,6;29,8;1,8;2,6;72;21,8;0;42,3;35;12,5;565;4,2
6/03/2024 12:00;41,5;0,2;49,5;4;13;17;1,4;2,1;113;23,3;0;28,7;27;20,6;564;2,3
6/03/2024 13:00;23,5;0,1;47,3;2,4;10,3;12,7;1,2;1,1;147;24;0;22,8;25;25,8;564;1,6
6/03/2024 14:00;27,4;0,2;59,2;2,4;11,9;14,3;2,1;5,9;250;22,2;0;20;42;8,1;563;3,7
6/03/2024 15:00;58,5;0,2;52,2;2,9;9,9;12,8;2,2;8;253;21,1;0;39;52;7,6;563;2,9
6/03/2024 16:00;53,8;0,3;46,6;3;11,1;14,1;2,2;7,5;256;20,2;0;38,7;56;9,2;562;3,2
6/03/2024 17:00;43,7;0,2;44,6;2,9;10,3;13,2;1,8;7,3;259;19,5;0;33,1;59;12;563;3
6/03/2024 18:00;46,3;0,3;35,1;0,9;12;12,9;1,4;4,4;265;17,5;10;33,9;73;13,1;563;3,2
6/03/2024 19:00;43,3;0,3;31,6;0,8;15,4;16,2;1,3;2,4;270;17,1;0;33,2;73;19,8;564;3,1
6/03/2024 20:00;46,9;0,5;20,5;1,5;29,1;30,7;1,3;1,2;0;17,2;0;37,3;71;12,2;564;5,1
6/03/2024 21:00;59;0,8;8,7;3,2;45;48,2;1,5;1,1;173;17,2;0;43,4;67;13,9;565;6,2
6/03/2024 22:00;71,5;0,7;15,7;4,4;35,2;39,6;1,5;2,7;198;16,8;0;50,6;58;18,2;565;5,3
6/03/2024 23:00;59;0,5;15,6;2,7;32,5;35,3;1,3;1,3;170;15,9;0;42,9;62;13,9;566;4,6
7/03/2024 0:00;56;0,4;14,6;1,2;31,9;33,3;1;0,6;296;14,9;0;41,8;64;13,1;565;4,4
7/03/2024 1:00;41,3;0,3;11,2;2,1;30,2;32,3;1;0,7;1;14,2;0;38,1;67;16,7;565;3,4
7/03/2024 2:00;43,3;0,5;5,6;3,1;34,8;37,9;0,9;2;28;13,2;0;40,3;74;24,7;565;4,1
7/03/2024 3:00;46;0,3;8,6;2,6;27,5;30,1;0,9;1;32;12,7;0;45,2;77;19,1;564;4,2
7/03/2024 4:00;50,7;0,3;8,4;1,6;27,3;28,9;0,9;2,1;32;12,3;0;47,5;78;14,2;564;4,2
7/03/2024 5:00;50,3;0,4;3,1;8,4;34,2;42,7;1,1;2,6;49;12;0;38,4;79;14,6;564;5,4
7/03/2024 6:00;56;0,6;1,5;24,7;39,8;64,5;1,4;1;43;12;0;46,4;78;13,6;565;8,5
7/03/2024 7:00;54,1;1,1;2,1;46,4;43,5;90;2,2;2,4;39;12;0;54,1;77;9,2;565;11
7/03/2024 8:00;62,5;1,3;5,8;60;46,7;106,7;5,1;2,4;52;14,3;0;55,2;69;7,5;565;12,6
7/03/2024 9:00;73,3;0,7;20,2;23,7;32,8;56,4;5,2;2,6;44;16,9;0;58,4;57;10,2;566;7,9
7/03/2024 10:00;63,7;0,4;34,8;9,3;23,2;32,4;4,2;1,6;64;20,6;0;48,2;44;12,4;566;5,1
7/03/2024 11:00;56,2;0,4;40,7;6;19,2;25,2;2,1;3,3;77;20,6;0;50,3;43;12,3;565;4
7/03/2024 12:00;49,6;0,3;38,5;3,6;12,2;15,9;1,6;3,7;141;21,6;0;36,9;38;16,9;565;2,5
7/03/2024 13:00;38,7;0,2;38,3;3,1;10,1;13,2;1,4;3,5;114;22,1;0;34,9;38;16,8;565;2,6
7/03/2024 14:00;40,7;0,3;38,6;3,5;11,3;14,8;1,3;2,8;140;22,7;0;32,8;38;19,9;564;2,7
7/03/2024 15:00;33;0,2;35,4;2,6;9,9;12,6;1,2;2,7;119;22,3;0;28,8;38;24,7;563;1,9
7/03/2024 16:00;27,5;0,2;31,5;4;10,7;14,8;1,1;3;156;23,8;0;24,6;34;18;563;2
7/03/2024 17:00;25,8;0,6;33,8;3,4;13,6;16,9;1,5;2,1;220;22,9;0;17,6;41;12,9;563;2,6
7/03/2024 18:00;34,7;0,5;38,8;1,5;14,3;15,7;2,5;5,4;257;19,3;0;28,6;66;10;563;3,9
7/03/2024 19:00;56,8;0,4;33,7;1,4;13,3;14,7;1,4;4,1;252;17,6;0;39,1;72;12,7;564;3,3
7/03/2024 20:00;50,5;0,4;29;0,8;13;13,8;1,1;2,5;247;16,6;0;40,1;77;19,5;564;3
7/03/2024 21:00;49;0,4;19;0,9;21,7;22,7;1;0,8;292;16,2;0;42,1;78;22,9;565;3,8
7/03/2024 22:00;59,4;0,6;8,8;2,5;36,2;38,7;1;0,7;352;16,2;0;43,6;78;11,6;565;6,1
7/03/2024 23:00;81,8;0,5;8,2;9,8;38,7;48,5;1,5;1,6;151;16,7;0;54,3;67;17,1;566;4,9
8/03/2024 0:00;55,9;0,3;15,5;0,5;19,9;20,4;1,3;1,3;156;16,5;0;41,2;61;20,8;565;2,5
8/03/2024 1:00;31,2;0,3;12,8;0,8;22,6;23,4;1,2;1,4;96;15,9;0;28,1;62;23,4;565;2,4
8/03/2024 2:00;31,7;0,2;13,4;0,5;21,7;22,2;1,1;1,4;48;15,2;0;29,9;66;20,3;565;2,5
8/03/2024 3:00;30,8;0,2;11,9;0,8;22,1;22,9;1;1,5;46;14,5;0;29,2;70;14;564;3
8/03/2024 4:00;34,3;0,3;9,2;0,7;24,4;25,2;1;0,6;98;14,5;0;32,7;70;14,2;564;2,9
8/03/2024 5:00;34,2;0,4;3,2;18,5;31,8;50,3;1,4;0,9;212;14,7;0;27,5;67;11,6;565;5,5
8/03/2024 6:00;58,3;0,8;1;60,8;38,5;99,3;2,2;1,2;2;13,4;0;38;73;8,6;565;12,3
8/03/2024 7:00;95,5;1,3;1,5;79,8;44,3;123,8;2,6;2;39;13,8;0;55,8;74;9,3;565;12,8
8/03/2024 8:00;75,6;1,1;5,3;42,6;42,5;85,1;2,7;2;29;15,5;0;52,8;68;6,3;566;10,2
8/03/2024 9:00;64,2;0,7;14;22;32;53,9;2,4;3,4;50;17;0;48,4;61;10,1;566;7,7
8/03/2024 10:00;62,5;0,5;19,5;13,4;25,4;38,7;2;2,5;91;18,2;0;39,2;57;10,3;566;5,1
8/03/2024 11:00;49,3;0,5;25,9;7,1;22,7;29,8;1,7;2,3;124;19,5;0;42,7;51;10,6;566;3,8
8/03/2024 12:00;44,7;0,3;34,7;4,1;12;16,1;1,5;3,4;93;20,2;0;36,9;47;13,4;565;2,6
8/03/2024 13:00;40,4;0,4;32,4;5,8;19,7;25,5;1,5;3,5;199;20,5;0;35;48;15,5;565;3,5
8/03/2024 14:00;50,3;0,3;33,1;3,6;13;16,6;1,3;3,7;121;21,2;0;34,7;44;20,3;564;2,5
8/03/2024 15:00;41,5;0,4;23;5,5;20;25,5;1,3;2,8;141;19,6;0;30,3;50;13,1;564;3,6
8/03/2024 16:00;39,3;0,4;30,6;7,3;17,7;25;1,5;4,3;188;20,6;0;34,8;47;9,6;564;3,6
8/03/2024 17:00;39,7;0,4;27,2;4,5;18,5;23;1,4;2,5;101;21,2;0;30,5;43;13,2;563;2,9
8/03/2024 18:00;32,3;0,5;18;5,8;25,6;31,5;1,4;2,4;119;19,6;0;22,2;48;14,7;564;3,3
8/03/2024 19:00;36,2;0,7;9,1;7,5;32,6;40,1;1,4;3,9;188;18,2;0;25,7;56;13,1;564;5
8/03/2024 20:00;73,3;1;2,6;12,4;40,1;52,6;1,6;2;207;17,2;0;38,1;61;6,8;565;6,7
8/03/2024 21:00;74,3;0,7;9;11,8;30,4;42,2;1,5;1,8;135;17,6;0;38,4;56;7,4;565;4,7
8/03/2024 22:00;45,7;0,6;6;6,3;32,5;39;1,3;1,9;124;17,1;0;27,9;57;10;566;3,7
8/03/2024 23:00;43,2;0,5;9,3;4,1;27,8;31,9;1,2;3,1;79;16,8;0;26,8;60;13,8;566;2,7
9/03/2024 0:00;38,8;0,5;4,9;5,5;32,9;38,4;1,1;2,6;71;16,6;0;23,2;62;11,4;566;3,6
9/03/2024 1:00;37,5;0,3;17;0,9;18,6;19,6;1;1;92;16,4;0;26,8;63;14,1;565;1,9
9/03/2024 2:00;35,8;0,4;5;2,4;29,1;31,7;1;1,2;10;15;0;24,4;71;11,7;565;3,5
9/03/2024 3:00;39,8;0,4;2,3;5,8;31,7;37,5;1;0,8;1;14,2;0;32;74;15,2;565;3,5
9/03/2024 4:00;38,7;0,4;1,7;8,2;34,2;42,5;1,1;0,7;24;14,2;0;32,2;74;17;564;3,6
9/03/2024 5:00;37,7;0,4;1,6;9,9;32,7;42,6;1,2;0,7;38;13,9;0;34,6;75;12,7;564;4,2
9/03/2024 6:00;63,6;0,7;0,9;44,9;37,5;82,4;1,9;0,3;205;13,7;0;27,4;74;7,1;565;10,1
9/03/2024 7:00;160,8;1,2;1,9;83,2;45,9;129,1;2,8;0,4;14;13,9;0;36,1;73;8,4;565;13,4
9/03/2024 8:00;85,3;1;4,2;48,4;45,2;93,6;3,2;0,8;2;15,7;0;52,9;67;5,3;566;9,7
9/03/2024 9:00;54,5;0,6;7,9;17,2;34,5;51,7;2,4;1,4;13;16,1;0;33,6;65;8;566;5,2
9/03/2024 10:00;40,8;0,6;14,9;13,5;29;42,5;2,3;1,1;105;17;0;26,6;62;6,5;566;4,5
9/03/2024 11:00;34,2;0,5;19,9;9,6;27,3;36,9;1,8;1,8;135;17;0;19,2;63;4,6;566;4
9/03/2024 12:00;0;0;0;0;0;0;0;0;0;0;0;0;0;0;0;0
9/03/2024 13:00;32,5;0,5;20,2;7,4;25,1;32,5;1,8;1,4;70;18;0;23,7;58;15,4;565;3,2
9/03/2024 14:00;19,8;0,3;23,2;5,8;17;22,8;1,7;2;75;19,3;0;17,9;52;15,8;565;2
9/03/2024 15:00;22;0,6;12,9;8,9;25,1;34,1;1,6;3,1;176;18;0;17,1;59;12,6;564;3,2
9/03/2024 16:00;36;0,6;12,1;10,9;25,7;36,7;1,7;3,8;176;17,4;0;18,9;62;8,6;564;4
9/03/2024 17:00;31,7;0,7;11,7;10,5;26,3;36,8;1,6;4,4;183;17,5;0;17,3;63;9,5;564;3,5
9/03/2024 18:00;34,8;0,6;10,2;9,4;27,4;36,7;1,6;2,8;167;18,1;0;21,8;59;11,4;564;3,5
9/03/2024 19:00;33,2;0,4;13,3;3,3;20,5;23,9;1,3;2,2;109;17,3;0;18,9;59;15,8;564;1,9
9/03/2024 20:00;29,5;0,6;8,7;4,1;25,3;29,3;1,2;1,8;187;16,4;0;17,2;65;13,3;565;2,4
9/03/2024 21:00;33,3;0,7;5,7;12;30,6;42,6;1,3;1,4;161;16,3;0;21,1;66;7,3;565;3,9
9/03/2024 22:00;39,2;0,6;5,9;8,1;31,5;39,7;1,3;1;84;16;0;21,9;62;10,4;566;2,7
9/03/2024 23:00;31,8;0,3;14,7;1,5;20,1;21,6;1,1;2,7;79;16,3;0;19,8;62;12,3;566;1,6
10/03/2024 0:00;16,8;0,3;14,3;1,6;19,4;21;1,1;3;76;16,1;0;16,1;62;13,6;566;1,9
10/03/2024 1:00;20,3;0,2;15,5;1;16,3;17,3;1;3,2;81;15,5;0;17,5;64;16,9;565;1,4
10/03/2024 2:00;0;0,2;15,7;0,9;13,2;14,2;0,9;2,7;76;14,8;0;25,5;67;18,2;565;1,2
10/03/2024 3:00;18,8;0,2;7,5;1,7;23,1;24,8;1;0,9;28;14,2;0;17,1;68;21,9;565;1,8
10/03/2024 4:00;20,4;0,2;6,4;1,9;21,5;23,5;1;0,9;8;13,2;0;18,4;71;16,9;564;2,4
10/03/2024 5:00;30,3;0,2;8;3,1;21,5;24,6;1;3,6;47;13,5;0;24,4;69;13,8;565;2,5
10/03/2024 6:00;22,3;0,2;5,2;4,1;23,3;27,4;1;2,7;53;13,1;0;14,2;70;9,8;565;2,3
10/03/2024 7:00;23,5;0,4;5,7;13;24,6;37,6;1,2;2,9;55;13,2;0;18,2;69;11,5;565;3
10/03/2024 8:00;22,3;0,3;13,6;11,3;16,5;27,8;1,7;3,6;76;16;0;21,9;58;17,3;566;2,3
10/03/2024 9:00;27,7;0,2;18,4;7,4;13,7;21,2;1,4;3,4;88;17,4;0;19,9;51;17,5;566;1,6
10/03/2024 10:00;20;0,1;24,1;2,5;6,5;9;1,1;3,4;92;18,3;0;17,8;47;24;566;0,8
10/03/2024 11:00;16,5;0,1;25,1;2;5;7;1;4,1;116;19,1;0;14,7;44;29,8;566;0,7
10/03/2024 12:00;23,5;0,1;25,4;2,3;6,8;9,1;0,9;2,6;122;19,8;0;9,3;43;27,7;566;0,9
10/03/2024 13:00;20,8;0,1;26,2;2,1;6,5;8,6;1,1;2,4;115;20,8;0;14,4;41;26;566;0,9
10/03/2024 14:00;20,2;0,1;26,6;2,7;7,3;10;1,1;3,1;164;21,3;0;4,7;40;24,1;565;1
10/03/2024 15:00;21,2;0,2;27,7;2,6;7,9;10,5;1,1;3;179;21,5;0;16,9;39;22,7;564;1
10/03/2024 16:00;24;0,3;30,6;3,5;9,8;13,4;1,2;5,1;199;21,3;0;15,6;41;15,8;564;1,9
10/03/2024 17:00;33,5;0,3;27,2;2,4;11,6;14;1,1;4,4;179;20,9;0;25,1;42;17,5;564;1,7
10/03/2024 18:00;30,5;0,2;24,4;1,8;10,8;12,6;1;3,3;109;19,9;0;26,6;47;17,9;564;1,5
10/03/2024 19:00;28;0,4;16,5;1,9;17,3;19,2;1;2,5;103;18,7;0;20,2;50;19,3;564;1,7
10/03/2024 20:00;29,5;0,5;8,2;3,9;27;30,9;1,2;2,7;209;17,6;0;23,2;55;19,9;565;2,8
10/03/2024 21:00;37,8;0,7;4,6;6,6;30,2;36,8;1,2;2,3;186;16,9;0;27,2;58;22,3;565;3,8
10/03/2024 22:00;41,3;0,5;6,5;4,5;27,7;32,1;1,2;2,3;179;16,6;0;29,7;60;13,5;566;3,3
10/03/2024 23:00;37;0,5;5,5;4;27,9;31,9;1,1;1,3;123;16,5;0;24,3;60;10,5;566;3,2
11/03/2024 0:00;31,5;0,3;7,4;2;23,3;25,3;1,1;1,9;185;16,1;0;28,8;62;12;566;2,6
11/03/2024 1:00;29,7;0,2;7;1,6;23,3;24,9;1,4;1,1;186;16,1;0;25,2;63;12;565;2,8
11/03/2024 2:00;32;0,2;10,9;0,7;16,8;17,5;1,2;0,2;99;15,7;0;28,7;64;14,3;565;2,4
11/03/2024 3:00;28,3;0,2;9;1,5;18,9;20,4;1,1;2,3;48;14,8;2;23,2;73;21,2;565;2,3
11/03/2024 4:00;32,8;0,2;9,6;0,5;14,7;15,2;0,9;0,6;82;14,1;2;26,7;80;19,7;565;1,9
11/03/2024 5:00;23;0,2;4;4;23,9;27,9;1;0;103;14,6;0;21,1;78;9,1;565;3,5
11/03/2024 6:00;30,5;0,6;0,7;34,2;32,8;67;1,6;0,6;153;14,7;0;22,5;78;5,9;565;9,3
11/03/2024 7:00;43,5;0,9;2,2;35,6;35,5;70,9;1,7;1,7;66;15,1;0;32,2;75;9,5;565;9,2
11/03/2024 8:00;45,2;0,8;6,1;20,1;33,3;53,4;1,6;1,6;84;16,1;0;34,6;69;6,1;566;6,8
11/03/2024 9:00;41,2;0,8;8,9;20,1;33,7;53,8;1,7;2,4;76;16,9;0;28;64;9;566;6,3
11/03/2024 10:00;0;0;0;0;0;0;0;1,8;139;18,3;0;28;58;10;566;6,9
11/03/2024 11:00;0;0,4;23,3;6,1;17,1;23,2;0,9;4,6;175;18,1;0;0;57;9,6;566;3,4
11/03/2024 12:00;42;0,4;24,3;6,2;18,5;24,7;1;3,4;166;18,3;0;27,8;56;9,8;566;3,3
11/03/2024 13:00;37,2;0,4;22,6;5,8;21,1;26,9;0,9;4,1;179;17,7;0;24,7;60;11,5;566;3,9
11/03/2024 14:00;38,2;0,4;29,6;7,5;15,3;22,9;1;5,8;181;18,1;0;20,4;58;13,7;565;3,5
11/03/2024 15:00;38,7;0,3;32,2;5,3;13,3;18,6;1,1;5,2;180;19,3;0;27,8;52;17,4;564;2,9
11/03/2024 16:00;36,7;0,3;27,4;4,9;13,9;18,9;1;5,4;153;19,3;0;24,7;51;12,4;564;2,7
11/03/2024 17:00;34,2;0,3;25,2;5;15,7;20,7;0,9;2,9;94;19,7;0;20,2;50;12,4;564;2,6
11/03/2024 18:00;29,3;0,4;20,5;4;21;25,1;0,7;2,8;118;18,5;0;23,7;54;13;564;2,7
11/03/2024 19:00;25,7;0,5;18,2;2,8;23,8;26,6;0,8;4,1;56;17,3;0;18,3;60;14,2;565;3
11/03/2024 20:00;25,5;0,5;12,8;3,4;27,3;30,7;0,7;3,7;71;16,7;0;23;62;14,9;565;3,1
11/03/2024 21:00;32,7;0,5;8,4;4,4;30,6;35;0,6;3,5;73;16,7;0;23,2;60;14,8;566;3,4
11/03/2024 22:00;31,2;0,4;8,4;4,8;26,8;31,5;0,6;4,3;71;15,8;0;26,9;60;12,1;566;3,1
11/03/2024 23:00;32,2;0,4;7;4,9;26,8;31,7;0,5;3,7;62;15,1;0;25,3;64;12,1;566;3,1
12/03/2024 0:00;31;0,2;9,4;2;22,4;24,4;0,6;2,9;57;15,2;0;30,5;63;14,6;566;2,4
12/03/2024 1:00;22,1;0,2;13,4;1,7;18,7;20,4;0,5;3,2;66;15,2;0;22,1;62;17,9;566;2,2
12/03/2024 2:00;26,2;0,1;11,9;1,4;18,4;19,9;0,6;3,2;55;14,7;0;23,8;64;21,8;565;2,1
12/03/2024 3:00;27,8;0,2;7,3;3,1;22,6;25,7;0,5;2,3;53;13,9;0;19,9;67;17,8;565;2,9
12/03/2024 4:00;32,2;0,2;3,2;4,3;25,9;30,2;0,5;1,5;17;13,2;0;19,4;71;12,8;565;3,6
12/03/2024 5:00;33,2;0,3;1;12,4;30;42,4;0,7;0,4;8;12,6;0;26,3;74;8,3;565;4,8
12/03/2024 6:00;37;0,5;0,8;36,2;33,1;69,3;1,3;1,7;38;12,6;0;32,4;74;7,4;565;8,8
12/03/2024 7:00;54,7;1;1,5;64;37,7;101,6;2,2;2,2;53;13,2;0;39,3;72;6;565;13,1
12/03/2024 8:00;66,8;0,8;5,1;41,1;33,1;74,1;3;3,4;48;14,6;0;44,3;67;7,8;566;9,2
12/03/2024 9:00;61,7;0,6;9,4;26,1;29,7;55,9;4,3;3,1;50;16,1;0;32,4;62;7,5;566;6,6
12/03/2024 10:00;62,5;0,4;23,1;12,8;20,7;33,5;2,7;3,5;83;18,5;0;39,5;52;9,6;566;4,5
12/03/2024 11:00;48,5;0,2;35,5;3,4;9,1;12,5;1,3;4,1;104;19,5;0;30,9;49;18,8;566;2,1
12/03/2024 12:00;41,7;0,2;34,4;3,5;9,4;12,9;1,2;5,3;89;18,8;0;30,7;52;18,8;566;2,6
12/03/2024 13:00;45,8;0,2;32,4;3,5;9,8;13,4;1;3,8;99;19,4;0;41,9;50;19,7;565;2,8
12/03/2024 14:00;48,5;0,2;30;3,9;10,6;14,5;1;3,4;118;19,7;0;40,7;50;19,4;565;2,4
12/03/2024 15:00;40,3;0,3;28,2;4,5;11,9;16,4;1;3,6;116;19,6;0;34,6;50;16,7;564;2,6
12/03/2024 16:00;37;0,3;23,1;4,2;15,9;20,2;1,1;3,9;91;18,6;0;27,2;54;14;564;3,1
12/03/2024 17:00;37;0,4;22,5;4,4;17,9;22,3;1,2;4,3;102;18,1;0;29,8;57;16,8;564;3,2
12/03/2024 18:00;37;0,5;23,4;3,3;19,4;22,7;1,1;3,6;97;18,2;0;27,2;57;21,4;564;3,2
12/03/2024 19:00;37,7;0,7;13,1;4,8;29,3;34,3;1;2,5;104;17,3;0;30,3;59;21,3;564;3,6
12/03/2024 20:00;41,3;0,7;7,6;4,8;33,7;38,5;1;1,7;157;16,9;0;34,8;59;10;565;4,5
12/03/2024 21:00;43,5;0,7;8,5;3,8;32;35,8;1;0,6;260;16,8;0;31,7;61;11,2;565;5,2
12/03/2024 22:00;49;0,8;0,9;18,6;39,8;58,4;1,1;2,8;38;15,7;0;42,8;67;19,5;566;5,8
12/03/2024 23:00;60,8;0,7;2,2;17;37,1;54,1;1;2,2;27;15,3;0;38,8;68;16,1;566;4,9
13/03/2024 0:00;46,6;0,7;0,9;31;38,4;69,4;1,2;0,2;7;14,8;0;35,5;70;12,6;566;6,3
13/03/2024 1:00;54,8;0,6;2,2;19,1;36,7;55,8;1,2;0,5;344;15,4;0;43,8;68;14;565;5,4
13/03/2024 2:00;51,3;0,4;5,8;4;31,9;35,8;1;0,3;43;15,5;0;39,7;67;16,1;565;4,1
13/03/2024 3:00;37;0,2;13,2;0,7;20,1;20,8;0,8;1,7;61;15,4;0;34,8;67;15;565;2,7
13/03/2024 4:00;31,8;0,2;15;0,8;16,9;17,7;0,7;2,2;93;15,6;0;31,6;65;14,6;565;2,3
13/03/2024 5:00;30,8;0,1;16,9;1,2;16,8;18;0,7;3,4;92;15,9;0;23,9;62;15,6;565;1,9
13/03/2024 6:00;30,7;0,4;9,6;7,1;27,1;34,2;0,9;3,8;78;15,6;0;23,4;64;12,6;565;4,1
13/03/2024 7:00;35,5;0,6;8,3;12,3;32,5;44,7;0,9;4,1;76;15,9;0;31,2;62;12,9;565;5,3
13/03/2024 8:00;43,5;0,5;21,6;6,6;22,6;29,2;0,8;4,3;88;16,4;0;34,8;61;12,2;566;3,7
13/03/2024 9:00;44,5;0,3;28,9;6,6;13,9;20,4;0,8;4,2;91;18,5;0;32;52;14,4;566;2,9
13/03/2024 10:00;38;0,3;32;5,6;12,1;17,7;0,9;5,3;76;19,8;0;32;48;18,9;566;2,4
13/03/2024 11:00;42,3;0,2;29,8;4,5;10,4;14,9;0,8;4,4;111;20,1;0;31,7;46;19,9;566;2,2
13/03/2024 12:00;38,2;0,2;31;3,7;8,5;12,2;0,7;3,8;110;21,2;0;26;42;20,9;565;1,9
13/03/2024 13:00;35,9;0,2;30;3,7;10,7;14,4;0,7;2,9;110;22;0;25,9;40;22,1;565;2
13/03/2024 14:00;45,5;0,2;26,3;4,3;12,2;16,5;0,7;3,4;129;21,3;0;24,9;41;13,8;564;2,5
13/03/2024 15:00;46,5;0,2;28,8;3,5;10;13,4;0,7;5,6;167;21,4;0;24;41;13,2;564;2,5
13/03/2024 16:00;39,2;0,2;30,2;4,2;9,7;14;0,7;5,3;145;21,5;0;23,8;42;16,6;564;2,3
13/03/2024 17:00;39,2;0,3;27,2;4,5;13,5;18;0,8;3,1;161;21,8;0;21,3;40;16,9;563;2,7
13/03/2024 18:00;34,5;0,4;18,6;4,5;17,3;21,8;0,9;4,3;170;20,7;0;25,7;42;17,5;563;2,8
13/03/2024 19:00;31,8;0,5;12,1;3,9;24,6;28,5;0,7;3,9;164;19,1;0;20,2;48;18,1;564;3,5
13/03/2024 20:00;33,7;0,7;5,3;8,1;32,4;40,6;1;3,5;204;18,4;0;23,4;52;8,5;564;5,1
13/03/2024 21:00;47;0,6;6,8;6,3;30,4;36,8;1,1;2,9;197;17,8;0;31,2;56;7,8;565;4,6
13/03/2024 22:00;45,3;0,5;10;2,3;25,9;28,3;1;2,8;169;17,7;0;34,9;58;10,9;565;3,7
13/03/2024 23:00;36,8;0,4;9,1;2,9;25,7;28,6;0,9;2,5;201;17,2;0;32,9;60;14,1;565;3,7
14/03/2024 0:00;35,2;0,3;8,7;3,3;25;28,3;0,8;0,6;181;16,9;0;30,7;61;12;565;3,8
14/03/2024 1:00;31,3;0,2;15,1;1,5;18,5;20,1;0,8;2,6;61;16,6;0;26,2;65;13,5;565;2,6
14/03/2024 2:00;31;0,2;17,7;0,7;12,1;12,8;0,7;2,4;38;16,4;0;28,6;66;16,2;564;1,7
14/03/2024 3:00;22,3;0,2;11,5;1,3;18,8;20,2;0,8;2,3;40;16,1;0;21,9;67;16,3;564;2,3
14/03/2024 4:00;29,2;0,1;11,5;0,5;15,9;16,5;0,7;1,2;57;15,1;0;21,4;73;17,7;564;2,1
14/03/2024 5:00;28,5;0,2;8,5;1,7;19,6;21,3;0,7;0,7;114;15,3;0;27,8;75;15,9;564;2,6
14/03/2024 6:00;24,4;0,3;16,2;1,8;22,9;24,7;0,7;1,8;105;15,5;0;24,4;70;17,7;564;3,7
14/03/2024 7:00;38,2;0,6;7,9;9,1;36,5;45,7;0,9;3,1;64;15,7;0;31,4;67;9;565;6,6
14/03/2024 8:00;48;0,6;11,5;8,2;33,2;41,4;0,8;3,7;58;15,7;0;37,4;68;12,8;565;5
14/03/2024 9:00;42,2;0,6;12,6;12,1;31,2;43,4;1;3,4;62;16,1;0;27,4;68;13,6;566;5,3
14/03/2024 10:00;38,5;0,6;22,9;9,6;24,9;34,6;1;3,7;97;17,5;0;33,6;61;13,8;566;4,3
14/03/2024 11:00;39,8;0,3;30,4;4,3;13,2;17,5;0,9;4,2;103;18,2;0;26,8;56;14;566;2,5
14/03/2024 12:00;34;0,3;24,4;6,1;14,4;20,5;1;3,3;125;19,1;0;24;51;12,8;565;2,7
14/03/2024 13:00;36,4;0,3;23,6;5,5;11,8;17,3;0,7;4,8;100;19,5;0;24,8;50;11,9;565;2,8
14/03/2024 14:00;44,6;0,3;21,1;5,7;12,6;18,3;0,7;4,4;93;19,4;0;38,4;51;16,9;564;2,1
14/03/2024 15:00;28,3;0,3;21,2;5,9;13,6;19,5;0,9;4,8;101;19,4;0;26,9;51;18,6;564;2,7
14/03/2024 16:00;32,5;0,3;22,6;5,5;13,6;19,2;0,8;4,9;89;19,1;0;25,4;51;18,9;563;2,9
14/03/2024 17:00;45,5;0,3;22,3;5;14,3;19,2;0,8;4,6;95;19,1;0;33;52;16,4;563;2,8
14/03/2024 18:00;46,5;0,4;18,5;4,8;17,4;22,2;0,8;4,7;88;18,1;0;33;54;15,6;564;2,9
14/03/2024 19:00;40,2;0,6;10,6;5,4;25;30,4;0,8;3,2;88;17,1;0;33,2;58;15,4;564;3,3
14/03/2024 20:00;44,7;0,5;10,5;4,8;25;29,7;0,7;3,9;86;16,6;0;35,8;60;18,3;564;3,1
14/03/2024 21:00;38;0,5;7,3;6;26,9;32,9;0,7;3,4;84;16,3;0;32,1;61;18,7;565;2,9
14/03/2024 22:00;40,5;0,7;2,3;12;34,6;46,6;0,7;3,1;63;15,6;0;33,4;67;12;565;4,7
14/03/2024 23:00;51,5;0,6;5,2;6,9;29,6;36,6;0,7;1,7;86;15,1;0;40,6;64;14,6;566;3,2
15/03/2024 0:00;41,2;0,3;8,3;2,9;23,5;26,4;0,6;1,1;117;14,8;0;33,4;59;18,1;565;2,2
15/03/2024 1:00;30;0,5;1,3;14,1;32,1;46,3;0,8;0,1;335;13,9;0;23,5;67;13,9;565;4,5
15/03/2024 2:00;47,2;0,8;1;37;33,5;70,5;1,4;0,5;60;13,1;0;33,3;70;11,4;564;6,2
15/03/2024 3:00;54,6;0,6;0,8;30,4;32,1;62,5;1,2;0,5;11;12,7;0;38,5;72;12,8;564;4,9
15/03/2024 4:00;38,8;0,5;0,8;29,1;33,4;62,5;1,2;1,2;21;11,9;0;30,5;74;15,8;564;5,2
15/03/2024 5:00;43,2;0,4;1,3;17,3;34,1;51,5;0,9;1,9;30;11,7;0;39,3;76;11,6;564;5,2
15/03/2024 6:00;46,9;0,8;1;60,9;37,1;98;1,6;0,2;349;11,5;0;45,3;77;7,3;565;11,1
15/03/2024 7:00;70,9;1,7;1,8;121,1;43,1;164,2;3,4;0,2;36;12;0;50,9;76;4,3;565;20,7
15/03/2024 8:00;116,3;1,6;2,2;101,9;52,6;154,1;3,7;0,8;4;13,6;0;66,9;69;7,8;566;15,9
15/03/2024 9:00;96;1,2;5,4;70,6;43,3;113,7;3,3;2,8;62;15;0;64,6;63;7,8;566;12,9
15/03/2024 10:00;79,6;0,4;22,2;12;21;33;1,6;4,4;91;17,8;0;55,6;47;9,6;566;4,4
15/03/2024 11:00;45,8;0,2;24,2;6,1;10,7;16,8;0,9;6;86;19,5;0;28,8;40;12,4;565;2,1
15/03/2024 12:00;33;0,2;24,4;4,7;9;13,7;0,9;4,6;95;20,5;0;25,6;40;14,2;565;1,9
15/03/2024 13:00;23,2;0,2;24,1;4,6;8,7;13,3;1;4;100;22;0;18;36;13,1;564;1,5
15/03/2024 14:00;23,8;0,1;22,2;4,3;8,3;12,6;0,8;3,5;110;22,5;0;18,2;34;14,5;563;1,6
15/03/2024 15:00;22,1;0,2;21,2;4,4;9,1;13,4;0,8;3,5;136;22,7;0;20,5;34;19;563;1,8
15/03/2024 16:00;19,7;0,2;19,5;5;12,1;17,1;0,9;3,4;109;22;0;11,7;37;18,5;563;1,9
15/03/2024 17:00;29,5;0,3;19,4;5,8;16;21,7;1;3;120;21,1;0;23,1;42;14,1;563;2,7
15/03/2024 18:00;36,5;0,5;15,9;5;22;27;1,2;2,9;136;20;0;24,3;48;11;563;3,3
15/03/2024 19:00;35,2;0,7;7,9;7,8;30,3;38,2;1,3;2,6;103;18,8;0;29,1;51;10,1;563;4,1
15/03/2024 20:00;40,7;0,6;6,6;9,1;31,1;40,3;1,3;4,1;81;17,7;0;30,2;56;12;564;4,2
15/03/2024 21:00;39,2;0,6;8,7;6,5;28,1;34,6;1,1;1,5;99;17,1;0;33,8;57;14,5;564;3,4
15/03/2024 22:00;40,3;0,8;2,1;16;38,2;54,2;1,1;2,6;55;16,5;0;30,3;61;11,8;565;4,9
15/03/2024 23:00;42,3;0,9;1,8;30,3;36,8;67,1;1,4;2,5;51;15,9;0;35,7;64;10,3;565;5,4
16/03/2024 0:00;46;0,8;1,1;37,6;39,7;77,4;1,5;1,3;357;15,1;0;31,5;67;14,2;565;6,2
16/03/2024 1:00;55,7;0,6;0,9;23,1;38,2;61,2;1,4;1,6;50;14,5;0;40,4;71;12,6;565;6
16/03/2024 2:00;53,2;0,7;0,8;45,5;37,6;83;1,9;0,4;48;14;0;46,2;73;10,2;564;7,2
16/03/2024 3:00;48,7;0,6;0,8;37;37,6;74,5;1,7;0,2;15;13,3;0;32,6;75;15,9;564;6,2
16/03/2024 4:00;47,3;0,6;0,9;43,8;38,1;81,8;1,8;0;14;12,7;0;43,8;78;12,9;564;7,8
16/03/2024 5:00;51,6;0,7;0,9;56,7;38,5;95,2;2,1;0,1;51;12,6;0;41,3;79;11,8;564;8,6
16/03/2024 6:00;65,3;1;0,8;96,7;37,4;134,2;2,8;1,3;72;12,5;0;47,4;79;7,4;564;13
16/03/2024 7:00;79,5;1,7;1,3;138;43,6;181,6;3,8;0,7;11;12,5;0;54,8;77;6,7;565;21,9
16/03/2024 8:00;104,6;0,8;4,6;47,8;33,9;81,6;3,5;2,8;56;13,8;0;67,4;70;11,7;565;8,2
16/03/2024 9:00;55,2;0,7;14,4;28,3;29,3;57,6;2,9;2,3;64;17,5;0;38,2;55;7,4;565;7,3
16/03/2024 10:00;53,6;0,4;29,1;8,5;20,3;28,9;1,7;1,3;135;19,4;0;40,6;47;13,7;565;3,5
16/03/2024 11:00;42,7;0,3;33,4;4,7;15,5;20,2;1,3;2,8;134;20,5;0;32,8;42;20,1;565;2,8
16/03/2024 12:00;44,4;0,3;38,3;3,4;11,6;14,9;1,2;3,1;144;21,6;0;29,9;40;21,8;565;2,4
16/03/2024 13:00;36,8;0,2;35,4;2,7;8,2;10,8;0,9;3,5;115;22,7;0;28,1;36;26,3;564;1,5
16/03/2024 14:00;35,1;0,3;31,5;2,6;9,8;12,4;0,9;3,1;157;22,4;0;29,9;37;21,6;563;1,7
16/03/2024 15:00;30,3;0,3;31,4;3,2;11,5;14,7;1;2,4;152;23;0;27,8;35;17,2;563;2
16/03/2024 16:00;27,9;0,3;30,3;1,8;10,7;12,5;0,8;2,1;168;22,4;0;24,9;37;16,5;563;2
16/03/2024 17:00;32,5;0,4;25;2,8;17,3;20,1;1,7;0,7;164;21,5;0;23,3;43;13,6;563;2,7
16/03/2024 18:00;36,7;0,4;31,3;2;14,5;16,5;1,8;4,3;260;18,9;0;29,2;66;11,5;563;2,7
16/03/2024 19:00;45;0,6;14,2;3,2;24,8;28;1,6;2,5;185;18,8;0;32,7;57;21,3;563;3,2
16/03/2024 20:00;46;0,7;10,5;4,1;29;33,1;1,4;2,7;178;18,1;0;28,5;57;20,7;564;3,7
16/03/2024 21:00;51,2;0,7;8,7;4,1;30,5;34,6;1,2;2,2;179;17,4;0;38,4;61;11,4;564;4,6
16/03/2024 22:00;52;0,7;6,3;4,9;32,9;38;1,1;1,6;181;16,9;0;45;62;12,7;564;4,5
16/03/2024 23:00;51;0,5;4,8;7,9;33,6;41,5;1,2;3;36;16;0;44,7;64;23;565;3,6
17/03/2024 0:00;45,5;0,7;1,5;16,8;37,2;54,1;1,2;1,2;50;15,2;0;38,9;66;21,4;564;4,5
17/03/2024 1:00;44;0,5;5;12,4;32,2;44,6;1,1;3;52;14,3;0;37,8;69;15,9;565;4,1
17/03/2024 2:00;47,4;0,5;4,1;5;31,2;36,2;0,8;2,5;46;13,5;0;34,3;71;17,2;564;3,8
17/03/2024 3:00;41,3;0,5;1,8;8,3;33,2;41,5;0,9;1,5;45;13;0;39,6;72;21;564;3,7
17/03/2024 4:00;47,3;0,4;5,1;5,7;28,7;34,4;0,9;2,1;35;12,5;0;33,2;74;19;563;3,6
17/03/2024 5:00;43,8;0,4;5,4;2,8;28,3;31,1;1,1;0,5;25;12,9;0;36,9;72;14;564;3,4
17/03/2024 6:00;42;0,4;5,8;4;28,8;33;1,6;1;66;13,9;0;36,1;68;15,4;564;2,9
17/03/2024 7:00;41,2;0,8;2,5;40,8;35,8;76,6;2,8;0,4;324;14,6;0;37,1;66;11,1;565;7,3
17/03/2024 8:00;58,6;0,4;14,4;15,8;25,5;41,3;4;3;64;16,2;0;38,8;61;13,5;565;4
17/03/2024 9:00;44,6;0,4;24,9;6,3;18,3;24,6;1,8;2,3;120;17,8;0;34,7;50;14,6;565;2,4
17/03/2024 10:00;32,2;0,2;32,4;2,3;7,4;9,7;1,1;4,2;95;19,2;0;29,5;42;22,5;565;1,3
17/03/2024 11:00;29,2;0,2;32,7;1,9;5,6;7,5;0,8;4,9;88;20,5;0;20,9;40;25,9;565;1,1
17/03/2024 12:00;33,8;0,2;31,2;2;6,6;8,6;0,9;3,6;119;21,3;0;20,1;39;27,4;564;1,2
17/03/2024 13:00;29,2;0,2;31,4;2,1;5,9;8;0,8;4,4;119;21,5;0;21,9;38;34,7;564;1,2
17/03/2024 14:00;33,6;0,2;31,7;2,2;7,2;9,4;0,8;3,7;135;21,5;0;20,8;38;29,9;564;1,1
17/03/2024 15:00;28,7;0,2;32,5;2,8;7,3;10,2;0,7;5,3;169;22,4;0;17,1;37;25,2;563;1,5
17/03/2024 16:00;35,1;0,2;30,8;1,8;7,8;9,6;0,7;3,8;121;21,5;0;18,9;39;30,2;563;1,2
17/03/2024 17:00;26,2;0,2;27,5;2,8;10,1;12,9;1,1;4,9;149;19,7;0;18,1;45;27,9;563;1,2
17/03/2024 18:00;26,8;0,3;23,7;2,4;12,4;14,9;1;3,9;136;19,7;0;20,3;45;26,3;563;1,3
17/03/2024 19:00;27,2;0,4;15,1;2,3;20;22,3;1,1;3,5;155;18;0;24,9;50;15,5;563;2
17/03/2024 20:00;32,1;0,5;10,4;2,8;25,4;28,2;1;1,6;123;17,3;0;24,1;53;12,3;564;2,3
17/03/2024 21:00;28,5;0,4;13,7;2,4;22;24,4;1;2,8;83;16,2;0;25,1;61;15,1;564;2
17/03/2024 22:00;31,3;0,5;9,4;2,8;27,5;30,3;0,9;2,3;77;15,9;0;26,1;62;15;565;2,5
17/03/2024 23:00;32,8;0,4;8;2,6;27,6;30,1;0,8;1,1;73;15,6;0;27,9;62;19;565;2,2
18/03/2024 0:00;32,7;0,4;2,6;9;35,9;44,9;1;1,4;31;15,3;0;26,8;64;22,3;565;3,1
18/03/2024 1:00;41,1;0,3;4,4;7,3;32,9;40,2;1;0,6;350;15,5;0;24,6;64;21,4;564;2,8
18/03/2024 2:00;61;0,3;7,4;7,2;28,5;35,7;0,9;1,4;49;14,9;0;35,4;66;16,9;564;2,8
18/03/2024 3:00;55,2;0,3;8,5;1,4;24,4;25,8;0,8;1,1;55;14,6;0;24,3;66;14,7;564;2,8
18/03/2024 4:00;105,3;0,3;3,1;5,2;29,8;35;0,8;1,5;51;13,6;0;29,9;69;13,9;564;3,6
18/03/2024 5:00;44;0,3;3,5;6,6;33,2;39,7;1;1,8;82;14,6;0;28,2;65;14,8;564;4,3
18/03/2024 6:00;40,7;0,4;10,4;5,7;32,3;37,9;0,9;2,4;95;15,3;0;30,9;59;12,3;564;5,3
18/03/2024 7:00;48,5;0,6;13,5;8,9;30,9;39,9;1;2,5;101;15,3;0;29,5;60;7;565;5,5
18/03/2024 8:00;46,7;0,6;24,3;9;22,2;31,1;1,1;3,7;89;17,2;0;37,8;53;12;565;4,3
18/03/2024 9:00;49,5;0,3;35,3;4,3;11,3;15,6;0,7;4,1;94;18,2;0;34,8;46;21,8;566;2,4
18/03/2024 10:00;45,1;0,2;36;3,5;9,9;13,4;0,7;3,7;112;19,8;0;30,6;42;25,4;566;2
18/03/2024 11:00;35,5;0,2;33,6;3;8,7;11,7;0,7;3,5;122;20,9;0;23,1;39;21,3;565;1,8
18/03/2024 12:00;31,4;0,2;33,3;3,3;9,9;13,2;0,7;3,4;162;21,5;0;23,7;37;16,6;565;1,8
18/03/2024 13:00;25;0,2;31,6;2,7;8,8;11,5;0,7;2,8;121;22,1;0;18,2;36;14,8;564;1,7
18/03/2024 14:00;27,6;0,2;31;2,4;9,9;12,3;0,7;2,4;131;22,1;0;20,8;37;18,4;563;1,7
18/03/2024 15:00;22,1;0,4;25,4;6;17,7;23,6;0,9;3,8;160;21,3;0;18,3;41;16,3;563;3,7
18/03/2024 16:00;48;0,3;26,2;3,9;15,8;19,7;0,8;3,1;110;21,2;0;23,3;41;18,8;563;2,9
18/03/2024 17:00;34;0,4;22,9;4,5;17,3;21,9;0,7;3,5;102;20,2;0;27,8;45;18,7;563;2,9
18/03/2024 18:00;34;0,4;18,1;5,5;19;24,5;0,7;4,3;87;20;0;23,8;45;16,6;563;2,9
18/03/2024 19:00;33,5;0,5;16,9;2,7;19,7;22,4;0,7;3,6;104;18,5;0;21,3;53;12,3;564;2,8
18/03/2024 20:00;31;0,5;14,3;3,1;22,6;25,8;0,8;3,5;84;18;0;26,8;55;10,5;564;3
18/03/2024 21:00;30;0,3;20,3;1,8;14,3;16,1;0,7;4,8;83;17,6;0;22,9;54;14,3;565;1,8
18/03/2024 22:00;25,5;0,3;14,8;2;18,7;20,7;0,7;2,6;107;17;0;20,7;55;15;565;1,9
18/03/2024 23:00;27;0,2;17,6;1,8;14,8;16,6;0,6;3,3;84;16,7;0;16,1;55;17,9;566;1,4
19/03/2024 0:00;22,2;0,2;16,5;0,4;14,7;15,1;0,5;1,2;109;16,2;0;16,6;57;20;566;1,4
19/03/2024 1:00;23,5;0,3;6,8;8,7;25,2;33,9;0,7;1;65;15,8;0;10,6;60;18,3;565;2,6
19/03/2024 2:00;25;0,2;11,1;0,5;18,8;19,4;0,6;1,2;105;16;0;20,9;59;14,8;565;2
19/03/2024 3:00;20,3;0,2;4,6;5,1;25,3;30,4;0,7;1;26;15,4;0;19;63;12,3;564;2,7
19/03/2024 4:00;22,3;0,2;10,9;1,5;19,1;20,6;0,7;2,2;56;15,4;0;19;65;11,8;564;2,6
19/03/2024 5:00;23,8;0,2;11,9;1,5;17,9;19,5;0,7;2;71;15,6;0;19,2;65;11,2;564;2,6
19/03/2024 6:00;26;0,5;2,5;12,6;32,8;45,4;0,9;1,8;72;15,5;0;23,3;66;10,1;564;5,9
19/03/2024 7:00;42,4;1;1,5;39,4;38,4;77,8;1,4;1,6;71;15,8;0;28,6;65;6,9;565;10,5
19/03/2024 8:00;54,9;1,1;7,2;27,5;38,8;66,4;1,3;1,2;156;16,9;0;38,7;60;6,5;565;8,2
19/03/2024 9:00;55,7;0,7;17,4;11,9;27,3;39,2;1;2,2;104;17,8;0;33,9;57;13;566;4,7
19/03/2024 10:00;0;0;0;0;0;0;0;1,6;146;17,8;0;31,4;55;9,7;566;3,5
19/03/2024 11:00;0;0;0;0;0;0;0;2,4;68;17,9;0;19,9;56;8,9;566;3,5
19/03/2024 12:00;37,1;0,4;15,1;6,5;21,8;28,4;0,6;3,4;76;17,6;0;19,5;59;7,5;566;4
19/03/2024 13:00;33,7;0,3;20,8;4,6;13,8;18,3;0,7;4;103;18,1;0;27,7;55;12,6;565;2,1
19/03/2024 14:00;34,4;0,3;22,2;3,4;11,7;15;0,6;3,2;148;18,1;0;21,5;54;14,8;565;1,7
19/03/2024 15:00;23,7;0,4;21,9;5,1;16,6;21,7;0,7;2,5;117;18,8;0;12,3;50;17,6;564;2,8
19/03/2024 16:00;29,9;0,3;25,4;4,1;12,9;17;0,7;1,7;127;20,3;0;17,2;44;14,8;564;2
19/03/2024 17:00;22,3;0,4;21,3;4,7;17,4;22,1;0,9;1,3;203;20,2;0;20,2;44;10;564;3,1
19/03/2024 18:00;33,5;0,5;15,3;4,2;23;27,2;0,8;2,9;75;19,1;0;23,1;47;9,8;564;3,3
19/03/2024 19:00;33,7;0,5;13,3;3,1;23,2;26,4;0,7;2,5;102;17,9;0;24,7;56;13,1;564;2,4
19/03/2024 20:00;25,8;0,6;6,1;7,1;33,6;40,7;0,8;1,9;84;17,1;0;19,2;55;12,7;565;3,6
19/03/2024 21:00;40,7;0,9;1,2;21,4;39,8;61,2;1;0,4;217;16,5;0;23,4;59;11,1;565;6
19/03/2024 22:00;48,3;0,8;1,4;16,7;37,8;54,5;0,9;0,2;209;16;0;30,1;63;6,8;566;5,6
19/03/2024 23:00;46,4;0,9;0,8;35,8;43;78,7;1,5;0;280;15,2;0;31,2;63;12,6;566;6,4
20/03/2024 0:00;58,3;1;1;50,6;38,7;89,3;1,8;0,6;292;14,7;0;35,6;67;9,8;566;9,5
20/03/2024 1:00;80,2;0,7;0,7;60,9;39,5;100,5;1,9;0,2;338;13,4;0;46,6;70;10,9;565;8
20/03/2024 2:00;62,5;0,6;0,7;76,4;35,6;112;2,2;0,2;238;12,8;0;39,2;71;12,5;565;8,2
20/03/2024 3:00;66,4;0,6;1;51,5;31,1;82,8;1,9;0;278;12,7;0;42;73;7,5;565;8,7
20/03/2024 4:00;72,8;0,6;0,8;50,5;33,3;83,9;1,9;0,4;4;12,2;0;42,1;74;12,3;565;8,4
20/03/2024 5:00;69,9;0,7;0,7;60,6;33,9;94,4;2,2;0,8;31;11,7;0;43,7;76;8,7;564;8,1
20/03/2024 6:00;60;0,8;1;72,3;35,5;107,4;2,4;0,8;30;11,6;0;38,2;77;8,9;565;11,1
20/03/2024 7:00;66,4;1,6;2;122,7;42,8;165,5;4;0,3;334;11,8;0;43,4;77;9;565;17,4
20/03/2024 8:00;100,1;1,2;3,6;91,3;46,7;137,8;12,5;1,3;358;13,5;0;68,6;70;8,6;566;12,1
20/03/2024 9:00;109,4;0,6;11;44,1;35,5;79,6;19,3;1,7;43;17,5;0;61,2;56;9,1;566;8
20/03/2024 10:00;76,2;0,4;26,1;12,6;23,9;36,5;7,4;1,4;13;19,7;0;45,1;45;9,6;566;4,3
20/03/2024 11:00;44,5;0,5;37,4;10,5;27,6;38,2;4;0,3;179;21,9;0;28,1;38;6;566;4,9
20/03/2024 12:00;47,5;0,7;57,3;7,7;34,5;42,1;3,2;2,8;191;23,4;0;29,2;35;6,6;565;6,4
20/03/2024 13:00;47,4;0,4;58,7;2,2;18,2;20,5;1,9;0,6;193;24,4;0;31,6;35;13;564;3,6
20/03/2024 14:00;42,7;0,3;57,2;2,1;14,5;16,7;4,4;7,9;247;20,4;0;25,9;61;6,3;564;4,3
20/03/2024 15:00;76,7;0,3;57,1;1,9;13,5;15,5;2,9;6,6;257;20;0;42,7;61;5,7;563;3,9
20/03/2024 16:00;64,1;0,3;45,3;2,1;15,3;17,5;2,2;5,6;235;19,1;0;37,9;65;7,9;563;4,1
20/03/2024 17:00;53,1;0,6;44;1,7;13,2;14,9;1,6;5,2;253;18,8;2;36,7;67;12,4;563;3,1
20/03/2024 18:00;43,8;0,8;25,6;1,4;18,1;19,5;1;4,1;246;17,3;0;31,9;76;17,8;564;3,3
20/03/2024 19:00;41,6;0,6;17,4;1,3;23,1;24,4;0,9;1,6;205;16,7;0;30,2;80;12,1;564;4,2
20/03/2024 20:00;37,8;1,4;1,4;14,2;57;71,2;1,1;0,9;90;16,3;8;34,5;81;9,1;565;7,6
20/03/2024 21:00;47,5;0,8;11,4;5,7;32,8;38,6;0,9;1,3;273;15,9;16;42,1;81;13,1;565;4,9
20/03/2024 22:00;30,3;0,5;15,1;1,1;27;28,1;0,6;0,7;200;15,8;0;26,1;79;13,1;566;4,8
20/03/2024 23:00;28;0,7;8,5;0,9;35,1;36,1;0,6;1;328;15,8;0;27,2;79;6,2;566;4,5
21/03/2024 0:00;33,8;0,6;7,7;1,5;34,4;36;0,6;0,3;317;15,1;2;31,1;84;6,9;566;5,3
21/03/2024 1:00;39;0,5;3,8;2,1;37,4;39,5;0,7;0,8;284;15,2;0;33;84;11,8;565;5,7
21/03/2024 2:00;43,1;0,5;10,2;0,6;27,1;27,7;0,7;0,3;287;15,2;0;33,2;83;7;564;4,9
21/03/2024 3:00;40,4;0,4;6,2;2;28;30;0,7;0,6;41;15,2;0;36,2;82;5,5;564;4,5
21/03/2024 4:00;46,5;0,3;3,6;1,5;27,6;29,2;0,7;0,6;57;15;0;39,3;82;9,7;564;4,4
21/03/2024 5:00;46,6;0,4;1,5;5,1;32,6;37,7;0,8;1,2;353;14,9;0;44,9;83;12,2;565;4,7
21/03/2024 6:00;58,5;0,6;0,8;26,9;35,5;62,4;1,4;1,5;26;14,5;0;44,2;83;7,6;565;8
21/03/2024 7:00;59,5;1;1;44,9;35,8;80,7;1,9;1,1;46;14,6;0;48,5;83;8,5;565;11,8
21/03/2024 8:00;76,3;1,2;4;48,9;44,9;93,8;3,4;0,6;39;15,9;0;57,9;80;5,1;566;12,5
21/03/2024 9:00;73,8;0,7;17,4;15,3;28,9;44,1;3,8;1;75;19,1;0;55,1;62;11;566;5,7
21/03/2024 10:00;53,1;0,5;33,1;9,9;25,2;35,1;2;1,2;58;21,6;0;39;48;10,4;566;4,9
21/03/2024 11:00;48,3;0,2;44,4;3,6;13;16,6;2,4;3,2;350;21,5;0;38,5;47;7,2;566;3
21/03/2024 12:00;42,6;0,2;46,1;3,1;9,2;12,3;2;3,8;319;22,2;0;29,4;43;10,8;565;1,7
21/03/2024 13:00;31;0,4;45,2;2,5;9,8;12,2;1,4;5,5;270;21,9;0;18,2;47;10,6;564;2,3
21/03/2024 14:00;31,5;0,6;43,8;3;10,5;13,5;1,5;6;261;21,6;0;21,1;51;10,8;564;2,6
21/03/2024 15:00;34,5;0,4;34;1,8;13,4;15,2;1,4;5,9;234;17,8;0;23,2;69;10,7;563;3
21/03/2024 16:00;35,7;0,5;19,4;5,1;27,3;32,5;0,8;2,8;329;15,6;12;25,9;78;13,2;563;4,4
21/03/2024 17:00;32;0,7;9;10,6;37,3;48;1,1;0,5;178;16,1;8;24,3;80;8,7;564;6,1
21/03/2024 18:00;40,6;1;6,7;20,4;44,2;64,6;1,3;0,2;173;16,5;0;30,1;78;6,9;564;8,4
21/03/2024 19:00;40,6;1,6;1,1;27,8;61,9;89,7;1,5;0,9;174;16,7;0;32,4;75;6,5;564;10,9
21/03/2024 20:00;50,1;1,6;0,8;42,2;58;100,1;1,7;0,5;341;16,3;0;40,2;75;7,6;565;11,7
21/03/2024 21:00;56,2;0,8;0,9;23;45,5;68,6;1,2;1,3;5;15,6;0;42,3;80;8,8;565;7,4
21/03/2024 22:00;39,7;0,9;0,9;17,1;43,5;60,5;1,1;0,9;56;15,2;0;29,9;81;6,1;565;8,2
21/03/2024 23:00;44,4;1;0,7;36,4;44,8;81;1,4;0,7;10;14,7;0;28,4;81;11,1;565;7,8
22/03/2024 0:00;50,5;0,7;0,5;33,4;41,4;74,8;1,4;0,3;351;14;0;35,2;82;6,6;565;7,4
22/03/2024 1:00;49,8;0,7;0,5;31;34;64,9;1,2;0,4;235;13,8;0;39,5;84;8,9;565;7,7
22/03/2024 2:00;56,6;0,6;0,6;47;32,9;80;1,5;0,3;2;13,5;0;47,6;85;6,2;564;8,7
22/03/2024 3:00;51,4;0,6;0,6;39;34,6;73,6;1,5;0,3;5;13,1;0;39,9;86;6,8;564;7,2
22/03/2024 4:00;59,4;0,6;0,5;34,4;33,6;68;1,4;1,8;51;12,8;0;38,3;86;8,5;564;7,3
22/03/2024 5:00;64,1;0,6;0,7;23,1;33,3;56,3;1,2;1,4;40;12,8;0;44,1;86;4,3;564;7,4
22/03/2024 6:00;57,3;0,7;0,7;42,9;34,9;77,7;1,5;0,4;53;12,6;0;46,5;86;8,6;565;10
22/03/2024 7:00;75,7;1,3;1,3;86,4;42,2;128,6;2,5;2,2;23;12,5;0;56,8;85;5,4;565;15,4
22/03/2024 8:00;109;0,8;4,8;39,7;51,5;91,1;4,7;2,8;42;14;0;71;82;6,3;566;9
22/03/2024 9:00;97,5;0,8;9,9;23;41,8;64,8;6,4;1,9;50;15,7;0;70,7;71;7,8;566;7,4
22/03/2024 10:00;83,5;0,7;25;18,4;34;52,4;4,7;1;117;19,4;0;65,7;52;15,2;566;6,6
22/03/2024 11:00;70,4;0,4;43;4;17,8;21,8;2,2;2,2;119;20,8;0;59,3;40;15,3;566;3,8
22/03/2024 12:00;61,9;0,4;49,5;2,7;15,6;18,3;1,6;1,4;162;21,6;0;46,1;37;17,7;565;3,3
22/03/2024 13:00;56,5;0,3;52,6;2,4;14,8;17,2;1,3;1,3;74;23;0;47,7;33;22,5;565;3,3
22/03/2024 14:00;54,4;0,3;64,7;2,1;14,9;16,9;1,3;1,4;293;23,8;0;42,3;34;22;564;3,5
22/03/2024 15:00;58;0,5;61,3;3;16,7;19,7;2,7;6,6;245;21,5;0;48,1;51;9,6;563;4,5
22/03/2024 16:00;65,6;0,6;56,7;2,6;12,1;14,7;2,3;6,3;251;21,2;0;48,5;54;8,8;563;4,1
22/03/2024 17:00;58,3;0,6;54,5;1,6;13,2;14,8;2,4;5,5;249;20,6;0;39,2;59;11;563;3,9
22/03/2024 18:00;54,3;0,6;45,1;1,3;16,2;17,6;2,2;4,7;245;19;0;41,7;67;15,3;563;4
22/03/2024 19:00;52,1;0,7;30;1,1;21,3;22,5;1,1;3,2;241;17,1;0;37,4;75;19,4;564;4,7
22/03/2024 20:00;60,4;0,7;21,6;1,5;29,1;30,6;1;1,9;248;16,8;0;45,4;77;9,1;564;5,4
22/03/2024 21:00;83,7;0,9;13,6;2,8;41;43,8;1,1;1,7;287;16,7;0;52,4;76;11,5;565;8,8
22/03/2024 22:00;111;0,6;18,7;1;31,8;32,8;0,9;1,2;242;16,2;0;59,4;78;13,9;565;5,1
22/03/2024 23:00;75,8;0,7;10,7;1,9;37,9;40;0,9;1,6;236;16,2;0;48,2;78;8,2;565;6,9
23/03/2024 0:00;92,7;0,6;10,8;1,8;30,2;32,1;0,8;1,7;279;15,7;0;54,2;81;11,1;565;11,9
23/03/2024 1:00;122,4;0,5;14,2;0,1;23,9;24;0,7;1,2;281;15,3;0;112,1;82;7,3;565;5
23/03/2024 2:00;69,9;0,4;13,7;1,2;29,8;31;0,8;0,8;345;15;0;57,8;83;7,8;565;5,6
23/03/2024 3:00;72,3;0,4;18,9;0,2;21,2;21,4;0,6;0,7;321;14,9;0;53,5;84;12,7;564;3,9
23/03/2024 4:00;66;0,5;14;0,5;26,2;26,8;0,7;0,4;216;14,9;0;44,6;84;7,1;564;5,7
23/03/2024 5:00;77,3;0,7;1,2;16,5;42,7;59,2;1;0,8;277;14,9;0;55,7;81;5,3;564;10
23/03/2024 6:00;86,2;0,5;5;4,8;36;40,8;0,8;1;12;14,5;0;67,5;83;6,9;565;7,4
23/03/2024 7:00;80,1;1;3;20,7;42,6;63,2;1,2;1,2;51;14,9;0;59,7;79;11,3;565;8,9
23/03/2024 8:00;92,7;1;4,5;37,8;45;82,9;2,6;1,6;58;15,5;0;72,4;73;15,5;565;9,8
23/03/2024 9:00;104,6;1,2;11,2;37;51,2;88,2;4,1;0,4;133;18,7;0;80,2;61;8;566;11,2
23/03/2024 10:00;100,5;0,8;31,8;14,4;39,2;53,6;2,7;2,1;42;20,1;0;83,2;51;11,4;566;8
23/03/2024 11:00;87,7;0,6;57,5;4,4;25,2;29,6;1,8;1,6;18;21,5;0;68,1;44;8,7;565;5,6
23/03/2024 12:00;80,9;0,5;78,4;2;22,5;24,5;1,7;2,4;287;21,7;0;51,7;42;11,6;565;5
23/03/2024 13:00;77,1;0,4;68,8;1,8;17,1;18,8;1,8;6,5;248;20,4;0;63,1;52;14,4;565;4,5
23/03/2024 14:00;75,5;0,3;64;1,7;11,8;13,5;1,4;6,5;250;20,2;0;46,7;55;13,1;564;2,9
23/03/2024 15:00;45,2;0,3;60,7;1,9;11,9;13,8;1,2;5,8;244;20,1;0;41,2;57;7,4;564;3,2
23/03/2024 16:00;45,8;0,3;51,3;2,1;11,7;13,8;1,2;5,6;241;19,7;0;43,7;59;9,3;564;3
23/03/2024 17:00;45,5;0,3;45,4;1,8;11,1;12,9;1,2;6;247;18,8;0;37,7;63;14;564;2,8
23/03/2024 18:00;47,3;0,4;40,9;1,3;12,1;13,4;1;3,9;239;17,6;0;31,9;69;18,2;564;2,4
23/03/2024 19:00;43,5;0,4;35,5;1,1;16,8;18;0,8;2,1;271;17,3;0;30,3;67;22,7;564;2,6
23/03/2024 20:00;43,7;0,5;24,7;1,3;25,9;27,2;0,7;1,7;283;16,9;0;35,4;70;18,4;565;3,6
23/03/2024 21:00;61,5;0,8;9,7;2,7;40,2;42,9;0,8;0,5;313;16,4;0;43,6;71;7,2;565;8,3
23/03/2024 22:00;83,4;0,8;11,9;2,7;37,9;40,6;0,7;1,1;254;15,9;0;53,5;73;11,5;565;6,3
23/03/2024 23:00;71,4;0,8;5,8;3,7;40,6;44,4;0,7;0,9;314;15,4;0;45,7;76;9,6;565;7,8
24/03/2024 0:00;91,8;0,8;6,3;2,5;36,7;39,3;0,6;0,5;337;14,7;0;58,7;79;9,6;565;7,6
24/03/2024 1:00;86,1;0,5;6,1;2,7;31,1;33,9;0,6;0,8;249;14,2;0;54,1;81;13,3;565;5,4
24/03/2024 2:00;64,2;0,6;2,4;4,1;37,6;41,7;0,6;0,2;311;13,9;0;54,7;83;9,6;564;6,7
24/03/2024 3:00;65,5;0,5;3,4;6,9;34,9;41,8;0,8;0,4;356;14,4;0;48,9;83;7,9;564;5,5
24/03/2024 4:00;66,2;0,4;4,4;3,1;32,7;35,8;0,6;0,2;0;14,1;0;47,7;83;13,6;564;4,4
24/03/2024 5:00;57,6;0,4;3,1;10,1;32;42,1;0,8;0,7;340;14;0;43;83;15,3;564;4,2
24/03/2024 6:00;57,6;0,6;0,1;29,8;37,7;67,5;1,2;0,7;356;13,6;0;43,3;82;10,3;564;6,7
24/03/2024 7:00;64,6;0,7;0,8;34,6;38,3;72,9;1,5;1,8;4;13,6;0;48,2;82;12,7;565;6,6
24/03/2024 8:00;61;0,4;10,3;17,4;35,1;52,4;1,9;1,3;3;14,7;0;51,7;80;10;565;4,5
24/03/2024 9:00;51,6;0,4;20,1;10,7;26,9;37,5;3,9;0,9;59;17;0;46,9;71;3,4;565;4
24/03/2024 10:00;50,4;0,3;32,7;6,5;20,3;26,8;3,2;0,4;24;20,1;0;45;55;4,6;565;3,3
24/03/2024 11:00;50,2;0,2;47,8;3;11,9;14,9;2,3;2,2;1;21,6;0;44,1;42;13,9;565;2
24/03/2024 12:00;39,5;0,1;52,6;1;6,7;7,7;1,5;2;294;22,6;0;27,9;38;17,2;565;1,4
24/03/2024 13:00;29,6;0,2;50,1;1,4;7,4;8,9;1,3;5,5;295;22,1;0;25,7;45;16,2;564;1,7
24/03/2024 14:00;38,8;0,2;46,4;1,5;7,1;8,6;1,2;7;284;22,3;0;21,4;47;24,8;563;1,8
24/03/2024 15:00;46,8;0,2;46,3;1,4;7;8,3;1,2;6,5;283;22,6;0;28,9;46;21,2;563;1,6
24/03/2024 16:00;44,9;0,2;45;1,5;7;8,5;1,4;7,8;250;21,3;0;27;54;13,5;562;1,6
24/03/2024 17:00;39,1;0,2;44,7;1,1;6,7;7,9;1,2;7,7;247;20,9;0;26,8;55;12,8;563;1,5
24/03/2024 18:00;35;0,2;40;0,9;8,5;9,4;1,2;6;244;19,3;0;23,2;63;13,7;563;1,6
24/03/2024 19:00;35,7;0,3;34,1;0,8;11,1;11,9;0,8;2,1;235;17,5;0;26,4;71;14,4;564;2,1
24/03/2024 20:00;36,3;0,4;27,9;0,6;21,3;21,9;1;2,4;161;16,6;0;32,2;61;18,5;564;1,5
24/03/2024 21:00;26,9;0,5;22,6;0,5;24;24,5;0,9;0,7;260;17,2;0;18,4;67;15,2;564;2,7
24/03/2024 22:00;39,6;0,3;28,3;0,4;12,8;13,2;0,8;1,6;244;17;0;25,9;74;14,9;565;2,5
24/03/2024 23:00;39,1;0,3;23,2;0,4;16,6;17,1;0,8;1,9;281;16,8;0;24,4;73;22,1;565;2,2
25/03/2024 0:00;41,2;0,2;23,4;0,3;12;12,2;0,7;1,6;322;16,6;0;31,1;71;23,3;565;1,6
25/03/2024 1:00;27,5;0,2;22,8;0;8,7;8,6;0,7;1,7;315;16;0;15,7;75;21,7;565;1,2
25/03/2024 2:00;28,9;0,2;17,1;0,1;12,5;12,6;0,6;1,6;280;15,5;0;28,9;78;14,7;564;1,8
25/03/2024 3:00;27,4;0,2;18,8;0,4;10,9;11,3;0,6;2,2;350;15,2;0;27,4;78;19;564;1,3
25/03/2024 4:00;22,2;0,2;14,3;0,6;15,7;16,3;0,6;2,1;17;14,9;0;16,9;78;19,8;564;1,7
25/03/2024 5:00;29,8;0,3;7;2,1;25,7;27,8;1,2;1,5;31;14,7;0;16,9;76;14,7;564;2,7
25/03/2024 6:00;41;0,4;2,1;9,5;31,1;40,6;2,4;1,9;17;14,1;0;33,2;78;15,1;564;3,6
25/03/2024 7:00;55,3;0,5;1,9;28,2;35,5;63,7;7,1;1,1;19;14,2;0;37,5;78;14,3;564;5,2
25/03/2024 8:00;57,7;0,5;7;27,1;31,7;58,8;14,2;2,9;22;15,1;0;47,1;73;2,4;565;5,7
25/03/2024 9:00;60,5;0,3;15,4;20;25,9;46;20,3;3;6;16,6;0;48,6;67;4,2;565;4,5
25/03/2024 10:00;56;0,2;31,1;5,1;12,9;18;16,7;1,3;340;18,7;0;41,7;58;4,1;565;2,5
25/03/2024 11:00;45,2;0,2;43,7;1,6;7,1;8,7;7,6;1,4;272;20,9;0;36,7;48;6,9;565;1,9
25/03/2024 12:00;37,7;0,1;50,3;1,2;6,8;8;4;3;270;21,9;0;30,9;44;12,9;564;1,8
25/03/2024 13:00;39,8;0,2;45,6;1,1;6,2;7,3;3,3;4,6;281;21,2;0;29,5;49;16,3;564;1,6
25/03/2024 14:00;33,5;0,2;45,1;1,6;6,3;7,9;2,2;6,1;278;22;0;21,1;47;15,2;563;1,4
25/03/2024 15:00;30,5;0,1;42,6;1,4;6;7,5;2,1;6,5;279;21,3;0;22,9;50;14,7;563;1,3
25/03/2024 16:00;28,7;0,2;40,2;1,4;6,6;8,1;2,2;5,2;274;21;0;22,1;52;12,7;563;1,4
25/03/2024 17:00;31,8;0,1;36,5;1,2;7,1;8,4;2,1;5,2;339;20,3;0;23,4;53;17,9;563;1
25/03/2024 18:00;30,1;0,2;34,6;1;6,6;7,7;2,1;3,8;323;19,5;0;13,4;56;15,3;563;1,2
25/03/2024 19:00;26,9;0,2;30,7;0,8;8,4;9,2;2,1;3,5;311;18,1;0;20,9;61;16,8;564;1,5
25/03/2024 20:00;30,8;0,3;24,3;1;12,8;13,7;1,8;2,2;292;17,2;0;19,3;66;16,4;564;1,9
25/03/2024 21:00;30;0,2;19,9;1,7;15,4;17,2;1,3;3;270;16,1;0;23,8;71;19,6;565;1,9
25/03/2024 22:00;31,2;0,3;14,5;1,5;19,7;21,3;1,1;1,6;272;15,4;0;21,1;74;20,6;565;2,2
25/03/2024 23:00;38,7;0,5;10,7;2,8;24,8;27,7;0,9;1,2;307;15,1;0;23,4;74;17,9;565;3,1
26/03/2024 0:00;45,9;0,4;7,3;2,8;30,4;33,3;1;0,9;297;15,2;0;30,9;74;10,8;565;4,1
26/03/2024 1:00;39,4;0,2;18,7;0,8;15,5;16,3;0,8;1,9;297;14,7;0;29,5;75;15,7;565;2,2
26/03/2024 2:00;31,8;0,2;9,8;1,6;22,5;24,2;0,7;0,4;360;13,6;0;20,1;79;14,8;564;2,6
26/03/2024 3:00;31,5;0,3;0,8;21,2;32,5;53,7;1;0,1;271;12,9;0;22,3;81;19,7;564;3,7
26/03/2024 4:00;37,3;0,4;0,7;29,9;30,1;60;1,1;0,2;266;12,2;0;27,1;82;14,3;564;6,2
26/03/2024 5:00;53,5;0,4;0,7;38,5;31,6;70,1;1,3;0,4;349;12;0;29,5;82;6,2;565;6,7
26/03/2024 6:00;58,6;0,6;0,8;59,2;33,8;93;1,9;0,2;309;12;0;38,2;81;8,7;565;10,1
26/03/2024 7:00;74,1;1,1;1,1;89,6;35,6;125,3;2,7;0,4;233;12,7;0;42,3;79;3,5;565;20,2
26/03/2024 8:00;98,8;1,4;2,1;126;55,7;181,3;3,9;0,8;325;13,4;0;49,2;76;5;566;24
26/03/2024 9:00;138,2;0;0;0;0;0;0;0,5;347;15;0;71,4;72;3,9;566;15,4
26/03/2024 10:00;106,5;0;0;0;0;0;0;1,2;7;17,1;0;61,2;62;8;566;16,9
26/03/2024 11:00;103,6;0,6;29,4;25,8;38;63,7;5,4;2,2;3;19,5;0;63,7;49;11,2;566;9,7
26/03/2024 12:00;70;0,2;44,3;2,9;9,6;12,5;2,7;2,6;347;21,3;0;39;40;13,4;565;2,2
26/03/2024 13:00;32,5;0,2;44;1,7;7,8;9,5;1,6;3,8;280;22;0;19,8;41;14,2;565;1,6
26/03/2024 14:00;35,3;0,2;42;2,3;8,5;10,8;1,6;4,9;292;21,5;0;17,1;45;11,6;564;1,8
26/03/2024 15:00;36,7;0,2;40,3;1,8;7,5;9,3;1,2;5,7;324;21,9;0;18,8;43;14,6;564;1,5
26/03/2024 16:00;35,9;0,2;37,8;3;10,4;13,5;1,4;5,9;288;20,8;0;15,4;48;10,4;563;2,3
26/03/2024 17:00;40,9;0,2;34,1;2,4;10;12,5;1,2;5,7;338;19,9;0;22,8;51;15,4;563;1,7
26/03/2024 18:00;42,6;0,2;31,4;2;11,2;13,2;1,5;4,5;325;18,3;0;18,9;59;19,6;563;1,6
26/03/2024 19:00;31;0,3;29;1,1;10;11,1;1,3;3,8;328;17;0;17,2;65;20,9;564;1,4
26/03/2024 20:00;31,9;0,3;21,4;1,4;17,5;18,9;1,1;1,9;293;16,4;0;20,4;66;16,2;564;2,6
26/03/2024 21:00;36,9;0,3;17,2;2,1;20,8;22,8;1;2,7;310;15,8;0;26,8;67;17,3;564;3
26/03/2024 22:00;39,1;0,2;15,7;1;20,8;21,8;1;1,5;302;15,4;0;23,8;69;15,6;565;2,1
26/03/2024 23:00;31;0,2;17,5;0,5;16,3;16,7;0,9;2,7;236;15;0;20,9;71;11,5;565;2,3
27/03/2024 0:00;34,4;0,1;22,6;0,3;11,5;11,9;0,9;1,6;321;14,8;0;18,9;69;12,5;565;1,8
27/03/2024 1:00;26,6;0,1;20,8;0,6;12,6;13,2;0,7;1,8;260;14,2;0;17,3;71;15;565;1,7
27/03/2024 2:00;24,1;0,2;20,4;0,3;14,3;14,6;0,6;1,9;278;13,9;0;22,1;69;15,3;564;1,9
27/03/2024 3:00;22,7;0,2;7,4;1,6;24,2;25,8;0,7;0,5;306;12,9;0;22,7;71;18,9;564;2,2
27/03/2024 4:00;26,2;0,2;6,9;2,6;25,5;28,2;0,8;1,2;301;12,9;0;18;67;16,4;564;3,6
27/03/2024 5:00;34,4;0,3;1;16,7;32,5;49,3;1,3;1,1;359;12,2;0;18,2;66;6,5;564;6
27/03/2024 6:00;47,6;0,6;1,3;52,2;38,8;91;3,8;1,1;13;12,3;0;22,7;65;7,1;565;8,2
27/03/2024 7:00;59,2;0,9;2,2;76,8;42,9;119,6;12,7;1,1;34;12,3;0;35,5;63;7,1;565;11,2
27/03/2024 8:00;75,7;1;4,7;54;38,7;92,7;14,2;1,3;52;14,4;0;43,7;58;3,9;565;9,1
27/03/2024 9:00;57,7;0,6;18,7;30,7;30,5;61,2;6,6;1,9;70;18;0;37,3;44;7,4;566;7,3
27/03/2024 10:00;45,3;0,4;26,8;16,5;28,2;44,8;4,9;1,4;33;19,1;0;24,9;38;6,2;566;4,2
27/03/2024 11:00;35,6;0,2;40,5;5,7;15,7;21,4;4,4;1,6;316;20,6;0;22,6;33;8,1;566;2,7
27/03/2024 12:00;30,9;0,2;51,3;3;11,6;14,6;4,3;3,6;272;21;0;15,5;38;8,8;565;2,6
27/03/2024 13:00;43,7;0,3;55,5;3;17,1;20,1;5,4;4,8;258;20;0;25,6;48;5,5;565;4,5
27/03/2024 14:00;57,2;0,2;44;2,3;8,3;10,5;2,9;5,6;274;20,4;0;35,9;49;17,9;565;2,1
27/03/2024 15:00;38,5;0,2;43,7;2,2;8,7;10,9;2,1;5,1;272;20,6;0;15,5;49;20,9;564;2
27/03/2024 16:00;36,5;0,2;40,9;2,3;10,9;13,3;2,2;4,8;287;20,4;0;23,9;51;12,5;564;2,4
27/03/2024 17:00;40,2;0,2;39,2;2,3;10,9;13,2;2,8;5,8;263;19,4;0;23,3;58;10,2;564;2,5
27/03/2024 18:00;45,8;0,3;32,4;1,9;14;15,9;2,5;4,1;269;17,9;0;28,9;62;10,6;564;2,6
27/03/2024 19:00;45,7;0,4;25,8;1,1;17,8;19;1,4;2,4;257;16,6;0;27,2;71;12,3;565;3,2
27/03/2024 20:00;50;0,5;19,8;1,6;23,7;25,3;1,1;1,9;257;16;0;31,4;74;14,5;565;3,9
27/03/2024 21:00;54;0,4;20,9;1,5;19,2;20,8;0,9;2,4;262;15,7;0;38,6;74;14,3;566;3,7
27/03/2024 22:00;49,7;0,4;15,5;1,6;22,4;24;0,6;1,4;262;15,3;0;32,2;75;2,5;566;4,7
27/03/2024 23:00;53;0,4;13,5;1,4;22,6;24;0,7;0,9;268;14,8;0;36,2;76;4,2;566;4,3
28/03/2024 0:00;53,9;0,4;10,4;0,8;24,1;24,9;0,6;1,3;277;14,3;0;39,1;78;0,5;566;5,3
28/03/2024 1:00;59,2;0,5;4,3;4,1;28,2;32,2;0,7;1,9;268;13,7;0;41,5;79;6,8;565;5,5
28/03/2024 2:00;61,5;0,3;10,4;0,9;20,5;21,3;0,7;0,8;302;13,9;0;50,3;80;2,1;565;4,3
28/03/2024 3:00;43,3;0,2;9,2;1,4;23,2;24,6;0,7;1,4;4;13,9;0;37,5;80;10;565;3
28/03/2024 4:00;35,7;0,3;7,8;1,3;23,7;25,1;0,7;0,7;283;13,4;0;29,2;80;14,3;565;3,1
28/03/2024 5:00;41,3;0,4;2,7;8,1;28,4;36,5;0,7;0,5;325;12,9;0;33,4;82;10,9;565;6,3
28/03/2024 6:00;50,4;0,6;0,5;43,5;31,7;75,2;1,5;0,1;4;12,3;0;39,8;82;12;565;6,4
28/03/2024 7:00;48,4;0,5;1,5;31,6;31,7;63,3;1,4;0,7;353;12,4;0;36,4;81;10,4;566;7
28/03/2024 8:00;71;0,5;5,6;36,7;36,6;73,3;10,1;1,3;42;14,3;0;44,1;73;7,2;566;6,6
28/03/2024 9:00;58,4;0,5;12,8;29,3;32,1;61,4;15,7;1,1;321;16,7;0;45,1;64;4,2;566;6,7
28/03/2024 10:00;62,9;0,3;31,5;9,4;19,6;29;11,2;1,1;222;19,2;0;46,6;53;5,3;566;3,8
28/03/2024 11:00;49,5;0,2;45,8;1,8;7,9;9,8;5,5;1,5;321;20,6;0;39,4;45;13,2;566;1,7
28/03/2024 12:00;34,6;0,2;50,8;1,2;6,9;8;3,6;3,2;288;21,3;0;28;44;15,4;566;1,5
28/03/2024 13:00;41,7;0,2;48;1,3;6,4;7,7;2,8;4,8;273;21,2;0;28,3;48;15,1;565;1,6
28/03/2024 14:00;40,7;0,2;43,8;1,6;5,7;7,3;1,8;7,2;258;21;0;32,6;49;22,1;564;1,2
28/03/2024 15:00;43,8;0,2;45,4;1;5,5;6,5;1,8;6,7;266;20,9;0;26,3;51;23,7;564;1,3
28/03/2024 16:00;41,8;0,2;43,3;1,4;5,8;7,2;1,3;5,7;281;20,9;0;31,8;50;20,5;564;1,3
28/03/2024 17:00;36,5;0,2;42;0,9;6,4;7,3;2;5,3;273;20;0;28,9;56;20,3;564;1,4
28/03/2024 18:00;39,7;0,2;37,1;0,8;7,3;8,1;2;4,7;247;18,5;0;28,2;64;20,2;564;1,5
28/03/2024 19:00;42,3;0,3;31,4;0,8;9,9;10,7;1,4;2,5;293;17,7;0;31,1;67;20,7;564;2,1
28/03/2024 20:00;39,9;0,2;29,5;0,8;9,9;10,7;1,2;3,5;304;17,1;0;31,9;68;25,1;565;1,7
28/03/2024 21:00;43,3;0,2;28;0,5;9,6;10,1;1,1;1,9;337;17;0;29,6;65;30,3;565;1,6
28/03/2024 22:00;39,7;0,3;18,8;0,7;18,5;19,2;1;1,9;291;16,7;0;23,5;66;29;566;2,2
28/03/2024 23:00;37,5;0,2;23,5;0,2;9;9,1;0,7;2,4;327;15,8;0;31,7;74;33,3;566;1,6
29/03/2024 0:00;33,6;0,2;24,7;0,4;8,5;8,9;0,7;2,2;307;15,4;0;26,9;74;35,4;566;1,4
29/03/2024 1:00;27,7;0,2;24;0,2;7,4;7,5;0,7;2,4;351;15,2;0;25;75;29,1;565;1,2
29/03/2024 2:00;29,8;0,2;18,7;0,6;10,8;11,5;0,6;2,5;356;14,8;0;24,9;76;24,5;565;1,4
29/03/2024 3:00;26,1;0,2;5,6;3,9;23,5;27,3;0,8;2;356;14,5;0;24,5;77;18,5;565;1,9
29/03/2024 4:00;38,3;0,2;4,9;2,7;25;27,8;1,9;1,8;28;14,5;0;34,1;74;10,6;565;3,1
29/03/2024 5:00;48,3;0,2;7;1,5;24,4;26;4,9;1,5;25;14,3;0;34,9;73;6,8;565;3,2
29/03/2024 6:00;46,4;0,3;2,1;8,9;31,1;40,1;4,2;1,2;15;13,9;0;33,5;74;13,5;565;3,8
29/03/2024 7:00;53,7;0,4;3,8;21;35,8;56,9;8,2;2;26;14,4;0;42,1;72;7,3;565;4,9
29/03/2024 8:00;54,7;0,2;15;9,8;19,3;29,1;18,4;2,4;45;15,9;0;42,7;67;2,1;566;3
29/03/2024 9:00;41,6;0,2;27,5;4,7;10,1;14,9;9,5;3,4;69;18;0;37,4;57;6,6;566;1,9
29/03/2024 10:00;29,5;0,1;36,9;2,1;7;9;4,3;1,9;68;20,3;0;26,8;48;12,6;566;1,3
29/03/2024 11:00;27,2;0,2;40,6;1,4;6,8;8,3;2,5;2;98;21,5;0;23,8;42;16,2;566;1,2
29/03/2024 12:00;27,5;0,2;41,2;1;5,5;6,5;1,7;1,3;120;22,3;0;20,1;38;21,2;565;1,1
29/03/2024 13:00;28,7;0,2;50,6;1,1;7,7;8,8;3,8;6,2;244;20,2;0;21,8;56;10,2;565;1,9
29/03/2024 14:00;47;0,2;49,9;0,8;5,8;6,6;3,9;6,3;257;19;0;36,1;62;10,2;564;1,7
29/03/2024 15:00;49,7;0,2;46,2;0,6;5,3;6;2,9;5,6;252;18,8;6;37,8;64;15,1;564;1,5
29/03/2024 16:00;38,8;0,2;41,4;0,9;5,6;6,5;2,7;5,2;252;18,3;0;34,9;68;18;563;1,7
29/03/2024 17:00;38,7;0,2;34,3;0,7;7;7,7;1,4;4,2;258;17,4;14;33,1;73;13,3;563;1,8
29/03/2024 18:00;42,2;0,2;29,7;0,9;7,5;8,3;1;3,8;245;16,2;2;34,8;78;13,5;564;1,8
29/03/2024 19:00;41,1;0,2;29,8;0,7;8,7;9,3;0,8;3;264;15,5;0;31,4;79;14,9;564;1,7
29/03/2024 20:00;37,9;0,2;28,3;0,7;8,9;9,6;0,7;2,3;267;15,2;0;37,9;80;18,5;565;1,7
29/03/2024 21:00;45,8;0,3;24,1;0,5;12,5;13;0,6;0,6;268;15;0;36,1;81;10,4;565;2,6
29/03/2024 22:00;44,8;0,3;25,3;0,5;11,6;12,1;0,6;0,9;240;15;0;36,9;81;9;566;2,8
29/03/2024 23:00;43,5;0,3;22,7;0,3;10,3;10,6;0,5;1,2;259;14,8;0;35,1;82;23,9;566;1,8
30/03/2024 0:00;42,2;0,3;14,5;0,7;16,4;17,1;0,5;0,5;307;14,3;0;35,9;84;19,5;566;2,4
30/03/2024 1:00;47;0,2;13,6;1,2;17,7;18,9;0,5;1,1;338;14;0;34,9;84;16,6;565;2,1
30/03/2024 2:00;41,7;0,2;13,1;1;19,8;20,8;0,6;0,6;255;13,9;0;33,1;85;13,8;565;2,3
30/03/2024 3:00;40,2;0,2;11,5;0,8;15,8;16,6;0,5;0,5;281;13,4;0;34,9;86;12,8;564;2,3
30/03/2024 4:00;40,1;0,3;5,5;1,4;24,2;25,6;0,5;0,1;28;13,3;0;33,1;86;17,1;564;2,7
30/03/2024 5:00;38,3;0,4;1,8;6,8;31,3;38,1;0,5;0,9;1;13,4;0;35,3;85;21,2;564;3,1
30/03/2024 6:00;48,3;0,4;3,4;10,3;32,5;42,8;0,6;1,2;358;13,3;0;39,9;84;18,9;565;3,6
30/03/2024 7:00;48,5;0,6;1,9;29,5;30,9;60,5;1,1;1,1;265;13,1;0;38,6;84;11,2;565;7,4
30/03/2024 8:00;64,1;0,5;4,7;15,2;26,6;41,8;0,9;1,5;253;13,2;0;49,4;85;6,5;565;6,2
30/03/2024 9:00;60,7;0,5;7,1;9,4;30;39,4;1;0,1;12;14,2;0;56,3;83;6;566;6
30/03/2024 10:00;63,3;0,6;11,5;14,1;38,1;52,3;2,1;0;282;16;0;60,2;71;5,7;566;6
30/03/2024 11:00;60;0,7;15,8;12,9;39;52;2,1;0,6;19;17;0;45,4;63;9,1;566;8,4
30/03/2024 12:00;56;0,5;35,4;5,4;19;24,4;1,5;3,7;171;18,2;0;51,5;50;16,1;566;2,9
30/03/2024 13:00;34,9;0,4;41;2,2;11,5;13,7;1,2;3,6;159;17,8;0;23,8;52;14,8;565;1,8
30/03/2024 14:00;25,3;0,3;42,1;2,1;10,7;12,8;1,1;2,8;117;18,6;0;20,2;48;14,6;565;1,7
30/03/2024 15:00;26,5;0,3;44,1;2,3;10,7;13,1;1;4,2;56;18,7;0;23;51;12,5;564;1,6
30/03/2024 16:00;22,3;0,3;38,2;2,8;13,3;16,1;1;4,4;28;18,1;0;22,3;54;14,4;564;1,2
30/03/2024 17:00;13,6;0,4;33,8;3,4;19,1;22,5;1,7;4,4;29;17,9;0;9,5;54;13,8;564;1,7
30/03/2024 18:00;25,1;0,5;29,6;2,3;24;26,4;2,4;3,3;44;17,4;0;17,9;55;16,6;564;1,7
30/03/2024 19:00;22,2;0,6;19,3;1,9;35;36,9;3;2,2;52;17,2;0;16,6;55;16,3;564;2,5
30/03/2024 20:00;31;0,8;15,2;2,6;35,9;38,5;2,1;1,2;203;16,9;0;28,9;55;15,4;564;3,8
30/03/2024 21:00;44,4;0,8;8,6;3,3;41;44,4;1,4;0,5;16;16,4;0;44,4;59;11,3;565;3,8
30/03/2024 22:00;40,9;0,7;3,5;9,5;49,3;58,8;2;1,5;33;15,7;0;33,1;60;12,9;565;4,3
30/03/2024 23:00;46,2;0,7;1,7;18,5;50,8;69,3;6,9;0,4;342;15;0;34,5;60;13,1;565;4,6
31/03/2024 0:00;53,2;0,5;7,5;8,5;37,9;46,4;3,9;1,1;268;13,8;0;42,6;65;14,1;565;4,5
31/03/2024 1:00;56,4;0,5;6,3;7,8;39,4;47,3;2,6;0,4;23;13,3;0;36,3;69;12,4;565;3,9
31/03/2024 2:00;45,6;0,5;3,1;10,4;40,9;51,5;2,8;1,1;55;12,9;0;40,8;71;11;564;4,1
31/03/2024 3:00;52,3;0,5;4,2;3,1;34,1;37,3;3,7;1,4;42;12,2;0;38,1;74;11,2;564;3,9
31/03/2024 4:00;49;0,5;2,5;7,5;35,7;43,2;3,6;1,1;28;11,7;0;40,3;76;16,3;564;3,6
31/03/2024 5:00;49,9;0,5;1,1;19,3;39,6;59;4,5;1,9;29;11,4;0;44,9;75;12,6;564;4,6
31/03/2024 6:00;53,7;0,5;1,8;13,3;36,2;49,6;4,7;2;46;11,1;0;44,1;78;9,9;565;4,3
31/03/2024 7:00;51,1;0,6;5;20,8;37,7;58,5;9,5;0,9;40;11,9;0;44,8;77;12;565;4,8
31/03/2024 8:00;45,8;0,4;21,8;8,8;21,4;30,3;11,6;1,6;43;15;0;41,8;64;14,3;566;3
31/03/2024 9:00;39,3;0,3;32,5;5,8;16,5;22,4;6,1;0,2;168;18,6;0;38,6;50;14,4;566;2,3
31/03/2024 10:00;36,5;0,3;44,5;2,9;11,8;14,7;4,6;0,4;250;20,2;0;31;45;9,5;566;2,2
31/03/2024 11:00;37,8;0,3;49,1;2,6;14,1;16,7;2,9;1,7;63;20,7;0;31,1;40;10;566;2,1
31/03/2024 12:00;32,7;0,3;46,3;2,1;11,1;13,3;2;2,6;83;20,8;0;32,7;40;13,5;565;1,7
31/03/2024 13:00;30,8;0,4;44,3;2,5;14,6;17,2;5,1;4,5;232;18,9;0;28,7;56;9,7;565;2,5
31/03/2024 14:00;47,4;0,4;38;2,5;11,9;14,5;3,2;3;152;19,7;0;41,3;48;21;564;1,8
31/03/2024 15:00;38,1;0,3;43,4;1,7;8,6;10,3;2,3;1,2;28;19,3;0;28,9;51;24,2;564;1,5
31/03/2024 16:00;32,1;0,4;49,8;1,4;11,4;12,8;3,8;3,4;317;17,7;0;27,6;64;15,4;564;2,5
31/03/2024 17:00;46,3;0,4;41,7;2;13,6;15,6;3;3,2;323;17,8;0;37,8;64;12,7;564;2,3
31/03/2024 18:00;42,5;0,4;38,2;1,3;14,9;16,2;2,1;3,4;280;16,6;0;34,1;70;9,3;564;2,7
31/03/2024 19:00;39,7;0,4;35,7;0,7;12,7;13,4;1,6;2,4;276;15,4;0;35,8;74;6,5;564;2,3
31/03/2024 20:00;37,5;0,4;38,2;0,6;16,4;17;1,3;2,3;281;15,2;0;32,7;72;9,6;565;2,3
31/03/2024 21:00;34,1;0,4;38,1;0,7;15,8;16,5;1,3;2,1;256;15,2;0;27;71;8,7;566;2
31/03/2024 22:00;30,3;0,3;37,6;0,5;10,3;10,7;1;2,6;269;15,1;0;26,6;74;13,8;566;1,7
31/03/2024 23:00;31,7;0,3;36,1;0,4;12,7;13,1;1;1,4;279;14,9;0;20,4;73;14,9;566;1,6
1/04/2024 0:00;30,9;0,3;27,6;0,5;12;12,4;0,8;1,6;340;14,8;0;26,6;76;18,5;566;1,7
